time,pressure
1666845841449,1002.6039
1666845841468,1002.56824
1666845841488,1002.57544
1666845841508,1002.5923
1666845841528,1002.6229
1666845841548,1002.5535
1666845841569,1002.5524
1666845841589,1002.57434
1666845841610,1002.611
1666845841628,1002.63196
1666845841648,1002.62573
1666845841670,1002.6119
1666845841688,1002.5638
1666845841710,1002.5618
1666845841732,1002.5571
1666845841748,1002.58856
1666845841769,1002.6153
1666845841789,1002.6075
1666845841810,1002.63965
1666845841828,1002.6664
1666845841848,1002.687
1666845841869,1002.6606
1666845841892,1002.6622
1666845841911,1002.6796
1666845841937,1002.6207
1666845841948,1002.62524
1666845841968,1002.5353
1666845841991,1002.5169
1666845842009,1002.6223
1666845842028,1002.6865
1666845842049,1002.5375
1666845842067,1002.4945
1666845842090,1002.4736
1666845842112,1002.49396
1666845842134,1002.50385
1666845842149,1002.50934
1666845842169,1002.4892
1666845842190,1002.4752
1666845842209,1002.5123
1666845842228,1002.56323
1666845842249,1002.63586
1666845842270,1002.6064
1666845842290,1002.5823
1666845842313,1002.592
1666845842328,1002.63947
1666845842348,1002.61743
1666845842368,1002.5928
1666845842389,1002.6104
1666845842408,1002.5962
1666845842428,1002.57794
1666845842449,1002.57263
1666845842468,1002.61847
1666845842487,1002.5954
1666845842509,1002.5514
1666845842528,1002.514
1666845842549,1002.5342
1666845842568,1002.5809
1666845842589,1002.57263
1666845842609,1002.46967
1666845842628,1002.3759
1666845842650,1002.3972
1666845842669,1002.44434
1666845842688,1002.4676
1666845842710,1002.5012
1666845842728,1002.51526
1666845842748,1002.5389
1666845842769,1002.5806
1666845842788,1002.64435
1666845842811,1002.56116
1666845842829,1002.5292
1666845842848,1002.5445
1666845842868,1002.56995
1666845842891,1002.6045
1666845842911,1002.55634
1666845842928,1002.5301
1666845842948,1002.5537
1666845842968,1002.52106
1666845842988,1002.6036
1666845843008,1002.66925
1666845843029,1002.70557
1666845843048,1002.70605
1666845843069,1002.64667
1666845843091,1002.6104
1666845843108,1002.6101
1666845843129,1002.6798
1666845843150,1002.7393
1666845843168,1002.717
1666845843190,1002.7934
1666845843208,1002.9704
1666845843230,1002.9931
1666845843248,1003.019
1666845843269,1002.8589
1666845843290,1002.75775
1666845843308,1002.70465
1666845843329,1002.64325
1666845843350,1002.6222
1666845843368,1002.6101
1666845843392,1002.6049
1666845843408,1002.6165
1666845843428,1002.6348
1666845843449,1002.6681
1666845843468,1002.69446
1666845843491,1002.6735
1666845843509,1002.6232
1666845843529,1002.5532
1666845843548,1002.5968
1666845843567,1002.5662
1666845843588,1002.55493
1666845843608,1002.5031
1666845843628,1002.5276
1666845843648,1002.56415
1666845843670,1002.69293
1666845843688,1002.72327
1666845843709,1002.7342
1666845843729,1002.69324
1666845843749,1002.6729
1666845843771,1002.7095
1666845843788,1002.7225
1666845843810,1002.6817
1666845843828,1002.58527
1666845843848,1002.6179
1666845843871,1002.6342
1666845843889,1002.6751
1666845843911,1002.6092
1666845843929,1002.59576
1666845843948,1002.5265
1666845843972,1002.58716
1666845843989,1002.535
1666845844009,1002.5903
1666845844028,1002.52747
1666845844049,1002.44836
1666845844069,1002.4337
1666845844088,1002.4846
1666845844110,1002.5042
1666845844129,1002.5343
1666845844149,1002.52106
1666845844169,1002.56415
1666845844188,1002.57697
1666845844208,1002.57196
1666845844228,1002.57495
1666845844249,1002.5607
1666845844268,1002.5898
1666845844290,1002.56915
1666845844309,1002.54083
1666845844328,1002.56116
1666845844350,1002.57355
1666845844369,1002.5887
1666845844389,1002.5637
1666845844408,1002.55963
1666845844429,1002.5476
1666845844451,1002.5515
1666845844468,1002.5601
1666845844490,1002.54
1666845844508,1002.545
1666845844528,1002.5407
1666845844553,1002.5514
1666845844568,1002.55774
1666845844589,1002.56415
1666845844609,1002.57556
1666845844631,1002.5892
1666845844649,1002.62775
1666845844668,1002.62823
1666845844689,1002.6265
1666845844708,1002.6223
1666845844728,1002.62384
1666845844750,1002.6424
1666845844768,1002.5939
1666845844789,1002.5501
1666845844809,1002.5648
1666845844830,1002.5876
1666845844849,1002.6059
1666845844870,1002.5557
1666845844888,1002.6092
1666845844909,1002.5939
1666845844929,1002.59827
1666845844948,1002.5912
1666845844969,1002.612
1666845844988,1002.6059
1666845845012,1002.5964
1666845845029,1002.6095
1666845845048,1002.6043
1666845845071,1002.62036
1666845845088,1002.59827
1666845845109,1002.63306
1666845845130,1002.6132
1666845845148,1002.6051
1666845845168,1002.6135
1666845845188,1002.63763
1666845845208,1002.57935
1666845845230,1002.61066
1666845845248,1002.5973
1666845845268,1002.5914
1666845845288,1002.6036
1666845845310,1002.6031
1666845845332,1002.5964
1666845845348,1002.6031
1666845845368,1002.63794
1666845845388,1002.6209
1666845845411,1002.64996
1666845845428,1002.64966
1666845845450,1002.65656
1666845845468,1002.62103
1666845845488,1002.62933
1666845845508,1002.6209
1666845845528,1002.6295
1666845845549,1002.63293
1666845845568,1002.64166
1666845845589,1002.6065
1666845845608,1002.5954
1666845845628,1002.58264
1666845845649,1002.6176
1666845845668,1002.62524
1666845845688,1002.5974
1666845845708,1002.62823
1666845845728,1002.63434
1666845845749,1002.63635
1666845845768,1002.6151
1666845845789,1002.63837
1666845845810,1002.63666
1666845845830,1002.58655
1666845845848,1002.64087
1666845845868,1002.5937
1666845845890,1002.61066
1666845845912,1002.5845
1666845845928,1002.6526
1666845845949,1002.57715
1666845845968,1002.6056
1666845845988,1002.6106
1666845846008,1002.63214
1666845846029,1002.62994
1666845846048,1002.622
1666845846069,1002.6049
1666845846091,1002.63916
1666845846108,1002.60333
1666845846129,1002.6142
1666845846148,1002.6148
1666845846169,1002.6243
1666845846190,1002.61
1666845846209,1002.63025
1666845846229,1002.5984
1666845846248,1002.6051
1666845846268,1002.63916
1666845846291,1002.63354
1666845846309,1002.6167
1666845846328,1002.616
1666845846349,1002.6226
1666845846370,1002.6115
1666845846388,1002.6248
1666845846408,1002.604
1666845846428,1002.63806
1666845846449,1002.6015
1666845846469,1002.59357
1666845846493,1002.597
1666845846509,1002.62085
1666845846528,1002.6117
1666845846549,1002.57983
1666845846571,1002.6131
1666845846589,1002.602
1666845846609,1002.64746
1666845846631,1002.6286
1666845846649,1002.62415
1666845846669,1002.6051
1666845846689,1002.6065
1666845846710,1002.6156
1666845846728,1002.6135
1666845846748,1002.65326
1666845846777,1002.61273
1666845846789,1002.604
1666845846809,1002.63965
1666845846828,1002.6337
1666845846847,1002.61273
1666845846868,1002.63043
1666845846889,1002.6002
1666845846909,1002.65076
1666845846929,1002.62994
1666845846949,1002.5998
1666845846968,1002.6254
1666845846989,1002.594
1666845847008,1002.64154
1666845847028,1002.6194
1666845847048,1002.62524
1666845847070,1002.63855
1666845847088,1002.6171
1666845847108,1002.60284
1666845847128,1002.629
1666845847149,1002.5995
1666845847169,1002.6132
1666845847188,1002.65137
1666845847208,1002.6279
1666845847229,1002.597
1666845847250,1002.6346
1666845847268,1002.64044
1666845847288,1002.668
1666845847308,1002.6265
1666845847329,1002.62915
1666845847350,1002.63104
1666845847369,1002.6131
1666845847389,1002.6502
1666845847409,1002.6268
1666845847428,1002.5967
1666845847451,1002.6334
1666845847468,1002.6184
1666845847490,1002.6151
1666845847508,1002.63446
1666845847529,1002.6064
1666845847550,1002.63354
1666845847569,1002.63446
1666845847588,1002.5995
1666845847608,1002.6606
1666845847628,1002.6545
1666845847655,1002.5893
1666845847670,1002.6023
1666845847688,1002.644
1666845847708,1002.6209
1666845847728,1002.6012
1666845847749,1002.6254
1666845847768,1002.64105
1666845847789,1002.62274
1666845847808,1002.63904
1666845847830,1002.6212
1666845847849,1002.6043
1666845847869,1002.5887
1666845847888,1002.6187
1666845847909,1002.63293
1666845847928,1002.63135
1666845847949,1002.61115
1666845847970,1002.6
1666845847989,1002.63544
1666845848008,1002.62463
1666845848029,1002.6095
1666845848048,1002.6471
1666845848069,1002.62384
1666845848088,1002.63947
1666845848108,1002.6193
1666845848129,1002.6269
1666845848148,1002.6309
1666845848168,1002.64886
1666845848188,1002.6059
1666845848208,1002.62494
1666845848228,1002.616
1666845848248,1002.6075
1666845848268,1002.6045
1666845848289,1002.61847
1666845848311,1002.62103
1666845848329,1002.5948
1666845848348,1002.5851
1666845848369,1002.6298
1666845848389,1002.595
1666845848412,1002.629
1666845848428,1002.60803
1666845848449,1002.62823
1666845848469,1002.62885
1666845848488,1002.5934
1666845848510,1002.61066
1666845848528,1002.63855
1666845848549,1002.6181
1666845848568,1002.62665
1666845848588,1002.57745
1666845848609,1002.6148
1666845848628,1002.6054
1666845848649,1002.6873
1666845848669,1002.6018
1666845848688,1002.614
1666845848709,1002.6226
1666845848728,1002.63403
1666845848755,1002.6119
1666845848768,1002.63434
1666845848788,1002.62524
1666845848810,1002.6301
1666845848830,1002.6223
1666845848848,1002.6137
1666845848868,1002.6326
1666845848889,1002.6298
1666845848909,1002.6254
1666845848928,1002.5967
1666845848948,1002.6232
1666845848968,1002.6079
1666845848989,1002.5914
1666845849013,1002.6145
1666845849029,1002.622
1666845849048,1002.63947
1666845849068,1002.5998
1666845849089,1002.5728
1666845849112,1002.5967
1666845849130,1002.62384
1666845849148,1002.6157
1666845849169,1002.64075
1666845849190,1002.62744
1666845849208,1002.6231
1666845849230,1002.6475
1666845849248,1002.64355
1666845849268,1002.6023
1666845849288,1002.64154
1666845849308,1002.64056
1666845849329,1002.6445
1666845849348,1002.63947
1666845849368,1002.64014
1666845849392,1002.62024
1666845849408,1002.61
1666845849428,1002.5995
1666845849448,1002.647
1666845849470,1002.60657
1666845849490,1002.58295
1666845849508,1002.6273
1666845849528,1002.6229
1666845849549,1002.6145
1666845849571,1002.62024
1666845849594,1002.6309
1666845849609,1002.5862
1666845849628,1002.6209
1666845849648,1002.6018
1666845849669,1002.63947
1666845849688,1002.6146
1666845849709,1002.6171
1666845849729,1002.6046
1666845849749,1002.64014
1666845849771,1002.58856
1666845849791,1002.6181
1666845849809,1002.5968
1666845849829,1002.6124
1666845849849,1002.615
1666845849869,1002.61273
1666845849888,1002.6501
1666845849908,1002.63434
1666845849928,1002.6036
1666845849948,1002.6165
1666845849969,1002.6173
1666845849988,1002.5993
1666845850008,1002.63916
1666845850028,1002.6162
1666845850049,1002.64557
1666845850070,1002.5954
1666845850089,1002.59607
1666845850108,1002.6054
1666845850129,1002.62286
1666845850150,1002.62366
1666845850173,1002.5923
1666845850189,1002.6254
1666845850209,1002.62836
1666845850230,1002.6171
1666845850248,1002.604
1666845850268,1002.6393
1666845850289,1002.59576
1666845850308,1002.63184
1666845850329,1002.6201
1666845850352,1002.599
1666845850368,1002.6079
1666845850389,1002.6096
1666845850408,1002.58496
1666845850430,1002.63086
1666845850448,1002.62994
1666845850474,1002.5962
1666845850489,1002.5968
1666845850508,1002.61066
1666845850529,1002.5912
1666845850553,1002.6209
1666845850569,1002.6299
1666845850590,1002.6132
1666845850609,1002.5867
1666845850628,1002.6176
1666845850649,1002.6059
1666845850668,1002.62744
1666845850688,1002.63904
1666845850708,1002.6218
1666845850728,1002.6193
1666845850750,1002.6064
1666845850768,1002.6224
1666845850788,1002.58044
1666845850811,1002.61426
1666845850828,1002.62885
1666845850848,1002.6295
1666845850868,1002.6187
1666845850888,1002.62775
1666845850908,1002.60645
1666845850930,1002.6011
1666845850952,1002.6201
1666845850969,1002.5953
1666845850988,1002.62604
1666845851009,1002.6132
1666845851028,1002.6101
1666845851050,1002.617
1666845851069,1002.62665
1666845851088,1002.6049
1666845851108,1002.58527
1666845851129,1002.6156
1666845851148,1002.6487
1666845851168,1002.64417
1666845851190,1002.6229
1666845851208,1002.63666
1666845851229,1002.6031
1666845851248,1002.65753
1666845851268,1002.6301
1666845851288,1002.64886
1666845851309,1002.6267
1666845851331,1002.6229
1666845851348,1002.6043
1666845851368,1002.64514
1666845851388,1002.6512
1666845851408,1002.65045
1666845851432,1002.6891
1666845851448,1002.6667
1666845851468,1002.652
1666845851488,1002.64325
1666845851511,1002.64526
1666845851528,1002.62854
1666845851550,1002.62415
1666845851570,1002.6
1666845851589,1002.6096
1666845851609,1002.617
1666845851628,1002.6014
1666845851649,1002.6165
1666845851669,1002.6198
1666845851688,1002.64526
1666845851710,1002.6471
1666845851729,1002.6254
1666845851751,1002.6487
1666845851769,1002.6341
1666845851788,1002.627
1666845851810,1002.62134
1666845851828,1002.6419
1666845851848,1002.62933
1666845851868,1002.6131
1666845851897,1002.5926
1666845851909,1002.59436
1666845851929,1002.595
1666845851948,1002.62854
1666845851968,1002.6679
1666845851989,1002.6674
1666845852008,1002.6673
1666845852029,1002.6618
1666845852048,1002.6437
1666845852068,1002.6015
1666845852088,1002.5953
1666845852108,1002.6051
1666845852128,1002.5859
1666845852150,1002.5665
1666845852168,1002.5906
1666845852190,1002.5981
1666845852207,1002.59827
1666845852229,1002.6
1666845852248,1002.6039
1666845852268,1002.58655
1666845852288,1002.6015
1666845852308,1002.62024
1666845852329,1002.64667
1666845852348,1002.62775
1666845852368,1002.56024
1666845852388,1002.6201
1666845852408,1002.5971
1666845852427,1002.62366
1666845852448,1002.6245
1666845852468,1002.6
1666845852489,1002.5876
1666845852508,1002.5912
1666845852529,1002.61
1666845852548,1002.6176
1666845852568,1002.6048
1666845852592,1002.627
1666845852608,1002.6509
1666845852628,1002.63025
1666845852648,1002.6181
1666845852671,1002.5948
1666845852692,1002.58264
1666845852709,1002.54706
1666845852729,1002.59216
1666845852748,1002.58405
1666845852769,1002.5644
1666845852789,1002.5567
1666845852810,1002.5631
1666845852828,1002.5812
1666845852849,1002.57025
1666845852870,1002.58496
1666845852889,1002.57886
1666845852911,1002.57855
1666845852928,1002.5915
1666845852948,1002.58887
1666845852970,1002.5846
1666845852989,1002.5964
1666845853010,1002.5784
1666845853029,1002.5626
1666845853050,1002.5301
1666845853071,1002.5929
1666845853088,1002.5684
1666845853109,1002.5783
1666845853128,1002.58167
1666845853150,1002.5768
1666845853168,1002.58655
1666845853188,1002.5687
1666845853210,1002.56964
1666845853228,1002.599
1666845853251,1002.57513
1666845853272,1002.57837
1666845853290,1002.56915
1666845853308,1002.5436
1666845853328,1002.55396
1666845853349,1002.5342
1666845853372,1002.55334
1666845853389,1002.5643
1666845853410,1002.5546
1666845853429,1002.5408
1666845853450,1002.58405
1666845853468,1002.57245
1666845853490,1002.5619
1666845853508,1002.546
1666845853528,1002.5509
1666845853552,1002.57776
1666845853568,1002.58716
1666845853590,1002.57336
1666845853608,1002.5893
1666845853630,1002.6014
1666845853651,1002.53577
1666845853669,1002.57916
1666845853689,1002.57465
1666845853709,1002.592
1666845853729,1002.5887
1666845853750,1002.5512
1666845853768,1002.56244
1666845853788,1002.5709
1666845853809,1002.5567
1666845853829,1002.5582
1666845853848,1002.5278
1666845853870,1002.55853
1666845853889,1002.54
1666845853908,1002.55493
1666845853929,1002.5568
1666845853948,1002.57074
1666845853969,1002.5372
1666845853989,1002.57056
1666845854008,1002.51495
1666845854028,1002.50775
1666845854048,1002.5626
1666845854070,1002.5542
1666845854088,1002.52545
1666845854108,1002.54425
1666845854129,1002.5375
1666845854148,1002.52747
1666845854169,1002.51263
1666845854188,1002.56635
1666845854208,1002.51886
1666845854244,1002.5392
1666845854249,1002.5148
1666845854268,1002.50464
1666845854288,1002.5012
1666845854308,1002.5173
1666845854329,1002.5467
1666845854349,1002.50555
1666845854370,1002.51385
1666845854388,1002.5278
1666845854408,1002.4898
1666845854428,1002.5465
1666845854449,1002.5135
1666845854468,1002.50574
1666845854489,1002.5556
1666845854509,1002.5354
1666845854529,1002.5365
1666845854550,1002.54083
1666845854568,1002.50745
1666845854589,1002.5321
1666845854608,1002.51447
1666845854628,1002.53076
1666845854649,1002.5084
1666845854668,1002.5184
1666845854688,1002.52014
1666845854710,1002.5516
1666845854728,1002.56244
1666845854749,1002.5395
1666845854768,1002.5532
1666845854790,1002.52747
1666845854808,1002.51013
1666845854830,1002.557
1666845854850,1002.50824
1666845854868,1002.5226
1666845854890,1002.5281
1666845854912,1002.51044
1666845854928,1002.52576
1666845854948,1002.4982
1666845854969,1002.5242
1666845854992,1002.50244
1666845855008,1002.4893
1666845855029,1002.50854
1666845855048,1002.51166
1666845855069,1002.4834
1666845855091,1002.5073
1666845855113,1002.50385
1666845855128,1002.52057
1666845855149,1002.51776
1666845855170,1002.5091
1666845855189,1002.50305
1666845855209,1002.491
1666845855229,1002.5242
1666845855247,1002.4848
1666845855268,1002.50604
1666845855289,1002.47784
1666845855308,1002.50464
1666845855329,1002.491
1666845855349,1002.4893
1666845855370,1002.4906
1666845855390,1002.49524
1666845855411,1002.49133
1666845855429,1002.4926
1666845855448,1002.46857
1666845855468,1002.4998
1666845855489,1002.49243
1666845855508,1002.4834
1666845855528,1002.4873
1666845855549,1002.51886
1666845855568,1002.45776
1666845855589,1002.4811
1666845855608,1002.5052
1666845855628,1002.4934
1666845855649,1002.48566
1666845855670,1002.51166
1666845855695,1002.49854
1666845855709,1002.4946
1666845855729,1002.46716
1666845855749,1002.5173
1666845855771,1002.46326
1666845855789,1002.48865
1666845855808,1002.47327
1666845855829,1002.4942
1666845855848,1002.4829
1666845855868,1002.46466
1666845855888,1002.4705
1666845855909,1002.4942
1666845855929,1002.45807
1666845855949,1002.486
1666845855968,1002.4747
1666845855988,1002.4798
1666845856010,1002.4859
1666845856028,1002.4687
1666845856048,1002.4631
1666845856070,1002.4893
1666845856088,1002.4812
1666845856108,1002.46136
1666845856128,1002.4705
1666845856148,1002.4565
1666845856169,1002.4916
1666845856188,1002.4773
1666845856208,1002.45306
1666845856228,1002.4718
1666845856250,1002.469
1666845856273,1002.4772
1666845856288,1002.4725
1666845856308,1002.4725
1666845856329,1002.4387
1666845856348,1002.4692
1666845856369,1002.42
1666845856389,1002.4401
1666845856408,1002.46216
1666845856429,1002.4365
1666845856448,1002.4245
1666845856468,1002.44214
1666845856489,1002.4365
1666845856508,1002.4606
1666845856528,1002.46295
1666845856549,1002.467
1666845856568,1002.4466
1666845856590,1002.45026
1666845856608,1002.4752
1666845856629,1002.45044
1666845856651,1002.43744
1666845856668,1002.46466
1666845856688,1002.46576
1666845856708,1002.45526
1666845856729,1002.44073
1666845856748,1002.43823
1666845856768,1002.46967
1666845856789,1002.4819
1666845856808,1002.44354
1666845856830,1002.43243
1666845856848,1002.45105
1666845856868,1002.462
1666845856888,1002.42834
1666845856908,1002.4359
1666845856930,1002.43744
1666845856948,1002.43146
1666845856968,1002.4865
1666845856989,1002.43915
1666845857008,1002.43146
1666845857031,1002.4039
1666845857053,1002.4292
1666845857069,1002.45544
1666845857088,1002.43353
1666845857110,1002.4293
1666845857130,1002.4156
1666845857149,1002.43463
1666845857169,1002.4192
1666845857188,1002.407
1666845857208,1002.4096
1666845857230,1002.4354
1666845857248,1002.46063
1666845857270,1002.4462
1666845857288,1002.4351
1666845857310,1002.41077
1666845857328,1002.4235
1666845857348,1002.408
1666845857368,1002.4115
1666845857388,1002.3966
1666845857410,1002.42883
1666845857433,1002.39294
1666845857448,1002.39435
1666845857468,1002.4084
1666845857488,1002.4118
1666845857510,1002.41565
1666845857529,1002.4354
1666845857549,1002.4243
1666845857568,1002.44275
1666845857589,1002.4306
1666845857610,1002.4387
1666845857628,1002.4018
1666845857649,1002.4101
1666845857669,1002.40356
1666845857691,1002.44025
1666845857709,1002.44073
1666845857729,1002.4609
1666845857750,1002.47
1666845857769,1002.44604
1666845857788,1002.43744
1666845857810,1002.409
1666845857828,1002.4196
1666845857849,1002.38446
1666845857868,1002.4117
1666845857890,1002.4309
1666845857908,1002.39996
1666845857928,1002.4228
1666845857948,1002.37994
1666845857968,1002.3945
1666845857989,1002.4173
1666845858012,1002.40356
1666845858029,1002.3948
1666845858049,1002.4054
1666845858069,1002.40753
1666845858089,1002.4015
1666845858112,1002.4122
1666845858129,1002.4061
1666845858148,1002.38696
1666845858169,1002.3684
1666845858190,1002.4051
1666845858212,1002.39435
1666845858229,1002.38324
1666845858249,1002.4023
1666845858270,1002.38806
1666845858289,1002.43134
1666845858309,1002.41077
1666845858329,1002.43274
1666845858349,1002.4264
1666845858369,1002.44604
1666845858392,1002.4192
1666845858408,1002.38043
1666845858429,1002.37744
1666845858449,1002.3665
1666845858469,1002.35474
1666845858488,1002.3763
1666845858509,1002.37054
1666845858528,1002.37024
1666845858548,1002.3455
1666845858570,1002.3848
1666845858592,1002.3603
1666845858609,1002.39795
1666845858628,1002.4067
1666845858648,1002.39685
1666845858668,1002.4106
1666845858688,1002.38995
1666845858709,1002.4023
1666845858729,1002.4067
1666845858749,1002.40247
1666845858769,1002.4182
1666845858791,1002.39667
1666845858809,1002.4143
1666845858829,1002.4245
1666845858849,1002.41376
1666845858868,1002.4187
1666845858888,1002.4075
1666845858909,1002.43524
1666845858928,1002.40717
1666845858949,1002.36884
1666845858971,1002.39825
1666845858989,1002.40356
1666845859009,1002.39746
1666845859028,1002.3592
1666845859049,1002.38806
1666845859070,1002.39655
1666845859088,1002.38275
1666845859110,1002.38104
1666845859129,1002.40106
1666845859149,1002.39777
1666845859171,1002.4126
1666845859188,1002.3406
1666845859209,1002.3723
1666845859230,1002.38806
1666845859248,1002.4106
1666845859271,1002.4075
1666845859289,1002.4009
1666845859308,1002.3923
1666845859329,1002.39075
1666845859351,1002.4064
1666845859372,1002.4079
1666845859388,1002.3841
1666845859408,1002.3679
1666845859429,1002.39105
1666845859448,1002.37665
1666845859469,1002.3518
1666845859490,1002.36475
1666845859508,1002.3556
1666845859529,1002.4
1666845859552,1002.39166
1666845859572,1002.39935
1666845859589,1002.3678
1666845859610,1002.39417
1666845859628,1002.4162
1666845859650,1002.38446
1666845859668,1002.36884
1666845859690,1002.4109
1666845859708,1002.37134
1666845859729,1002.3723
1666845859751,1002.4117
1666845859768,1002.39124
1666845859789,1002.379
1666845859812,1002.3769
1666845859828,1002.39044
1666845859852,1002.3973
1666845859868,1002.40857
1666845859888,1002.4127
1666845859908,1002.4381
1666845859930,1002.40717
1666845859950,1002.40045
1666845859969,1002.397
1666845859988,1002.38245
1666845860008,1002.3567
1666845860028,1002.4106
1666845860048,1002.3576
1666845860068,1002.378
1666845860089,1002.38275
1666845860108,1002.3528
1666845860132,1002.3754
1666845860148,1002.38306
1666845860169,1002.3582
1666845860189,1002.3946
1666845860208,1002.40106
1666845860229,1002.402
1666845860248,1002.4002
1666845860270,1002.38196
1666845860288,1002.40466
1666845860308,1002.3561
1666845860330,1002.3509
1666845860348,1002.38684
1666845860369,1002.38873
1666845860388,1002.4228
1666845860408,1002.4304
1666845860428,1002.4112
1666845860449,1002.4031
1666845860468,1002.4229
1666845860488,1002.3698
1666845860510,1002.38324
1666845860532,1002.39075
1666845860548,1002.3848
1666845860570,1002.38055
1666845860589,1002.3873
1666845860608,1002.3763
1666845860632,1002.3709
1666845860648,1002.40686
1666845860669,1002.38403
1666845860688,1002.3751
1666845860711,1002.39276
1666845860732,1002.4042
1666845860750,1002.39276
1666845860769,1002.4176
1666845860788,1002.3846
1666845860811,1002.41125
1666845860834,1002.39044
1666845860850,1002.4217
1666845860868,1002.4095
1666845860890,1002.3787
1666845860911,1002.4039
1666845860928,1002.40607
1666845860950,1002.42523
1666845860969,1002.4228
1666845860989,1002.3768
1666845861008,1002.4012
1666845861029,1002.39575
1666845861050,1002.3459
1666845861069,1002.35803
1666845861088,1002.3701
1666845861110,1002.3634
1666845861128,1002.3475
1666845861149,1002.3661
1666845861168,1002.3763
1666845861189,1002.3576
1666845861212,1002.3645
1666845861228,1002.3673
1666845861248,1002.3639
1666845861268,1002.39264
1666845861290,1002.38354
1666845861309,1002.3486
1666845861329,1002.37994
1666845861349,1002.3682
1666845861369,1002.3367
1666845861388,1002.33496
1666845861414,1002.37836
1666845861430,1002.3476
1666845861448,1002.3531
1666845861469,1002.3617
1666845861490,1002.3639
1666845861508,1002.3431
1666845861530,1002.4022
1666845861550,1002.3526
1666845861569,1002.3489
1666845861589,1002.3506
1666845861608,1002.3596
1666845861629,1002.3392
1666845861648,1002.3173
1666845861670,1002.3406
1666845861690,1002.3532
1666845861708,1002.3707
1666845861729,1002.3592
1666845861748,1002.362
1666845861769,1002.3743
1666845861791,1002.3646
1666845861809,1002.3481
1666845861828,1002.3471
1666845861849,1002.37463
1666845861870,1002.3576
1666845861888,1002.3848
1666845861910,1002.36237
1666845861928,1002.37964
1666845861949,1002.3363
1666845861971,1002.3528
1666845861988,1002.3429
1666845862009,1002.3401
1666845862028,1002.3434
1666845862049,1002.38556
1666845862070,1002.3109
1666845862088,1002.31024
1666845862110,1002.3476
1666845862128,1002.3409
1666845862148,1002.3246
1666845862169,1002.3197
1666845862188,1002.32196
1666845862208,1002.34436
1666845862228,1002.32776
1666845862248,1002.32324
1666845862271,1002.3312
1666845862290,1002.3504
1666845862308,1002.32324
1666845862328,1002.3475
1666845862348,1002.3525
1666845862371,1002.3638
1666845862389,1002.32263
1666845862408,1002.34467
1666845862428,1002.3726
1666845862452,1002.37854
1666845862468,1002.34503
1666845862489,1002.33167
1666845862508,1002.33057
1666845862529,1002.31866
1666845862550,1002.3062
1666845862568,1002.30743
1666845862589,1002.2809
1666845862608,1002.32074
1666845862630,1002.3134
1666845862650,1002.3067
1666845862668,1002.2823
1666845862689,1002.3062
1666845862708,1002.32135
1666845862728,1002.3484
1666845862750,1002.30786
1666845862769,1002.3028
1666845862789,1002.3359
1666845862808,1002.3454
1666845862828,1002.32806
1666845862851,1002.32275
1666845862869,1002.30884
1666845862888,1002.3273
1666845862908,1002.3067
1666845862930,1002.33435
1666845862952,1002.3409
1666845862968,1002.3043
1666845862988,1002.33575
1666845863009,1002.294
1666845863028,1002.342
1666845863048,1002.2996
1666845863069,1002.3028
1666845863088,1002.3123
1666845863108,1002.2867
1666845863128,1002.3043
1666845863154,1002.2799
1666845863169,1002.314
1666845863188,1002.2957
1666845863208,1002.3068
1666845863229,1002.3009
1666845863249,1002.30664
1666845863269,1002.32837
1666845863288,1002.3012
1666845863308,1002.2825
1666845863330,1002.2798
1666845863348,1002.31665
1666845863370,1002.2928
1666845863389,1002.2886
1666845863409,1002.3007
1666845863428,1002.2789
1666845863449,1002.2723
1666845863468,1002.3048
1666845863489,1002.27
1666845863509,1002.30804
1666845863530,1002.2921
1666845863550,1002.2932
1666845863569,1002.3001
1666845863588,1002.2745
1666845863608,1002.3054
1666845863629,1002.2396
1666845863648,1002.2798
1666845863668,1002.2897
1666845863688,1002.2687
1666845863710,1002.2795
1666845863732,1002.3115
1666845863749,1002.32764
1666845863768,1002.26715
1666845863789,1002.337
1666845863810,1002.296
1666845863830,1002.2635
1666845863849,1002.2867
1666845863869,1002.2823
1666845863888,1002.27716
1666845863909,1002.2861
1666845863929,1002.33075
1666845863950,1002.2799
1666845863969,1002.26886
1666845863990,1002.2879
1666845864008,1002.26166
1666845864028,1002.2851
1666845864048,1002.2673
1666845864068,1002.2515
1666845864089,1002.25696
1666845864111,1002.25024
1666845864129,1002.2473
1666845864149,1002.26263
1666845864168,1002.27277
1666845864189,1002.26385
1666845864209,1002.2609
1666845864228,1002.26654
1666845864249,1002.29553
1666845864268,1002.2778
1666845864290,1002.24243
1666845864313,1002.24384
1666845864329,1002.2643
1666845864349,1002.2576
1666845864369,1002.2806
1666845864390,1002.2315
1666845864409,1002.26324
1666845864429,1002.2376
1666845864448,1002.284
1666845864469,1002.26215
1666845864490,1002.26776
1666845864508,1002.24133
1666845864529,1002.2752
1666845864548,1002.2292
1666845864568,1002.3037
1666845864589,1002.2459
1666845864609,1002.2365
1666845864630,1002.2448
1666845864648,1002.26276
1666845864669,1002.23615
1666845864692,1002.21545
1666845864708,1002.2335
1666845864729,1002.2242
1666845864749,1002.2669
1666845864768,1002.254
1666845864789,1002.27795
1666845864809,1002.26215
1666845864829,1002.2468
1666845864848,1002.22266
1666845864867,1002.2301
1666845864888,1002.2225
1666845864908,1002.252
1666845864929,1002.2734
1666845864948,1002.26245
1666845864971,1002.2256
1666845864988,1002.2767
1666845865009,1002.24915
1666845865027,1002.2512
1666845865047,1002.25934
1666845865069,1002.19446
1666845865092,1002.25635
1666845865109,1002.2504
1666845865128,1002.25665
1666845865149,1002.236
1666845865169,1002.229
1666845865188,1002.2167
1666845865210,1002.2448
1666845865228,1002.2209
1666845865248,1002.2096
1666845865271,1002.2218
1666845865288,1002.18713
1666845865308,1002.2239
1666845865329,1002.2345
1666845865349,1002.2325
1666845865368,1002.2445
1666845865389,1002.224
1666845865409,1002.2328
1666845865429,1002.1999
1666845865450,1002.2353
1666845865474,1002.25305
1666845865488,1002.21246
1666845865508,1002.2198
1666845865529,1002.19025
1666845865550,1002.21857
1666845865568,1002.2178
1666845865589,1002.20013
1666845865608,1002.2122
1666845865629,1002.2048
1666845865651,1002.1923
1666845865668,1002.23615
1666845865689,1002.232
1666845865708,1002.20245
1666845865728,1002.18384
1666845865749,1002.2392
1666845865768,1002.25433
1666845865791,1002.20276
1666845865809,1002.1785
1666845865829,1002.19635
1666845865850,1002.1785
1666845865869,1002.2048
1666845865888,1002.21497
1666845865908,1002.2203
1666845865929,1002.1836
1666845865950,1002.1951
1666845865968,1002.20197
1666845865988,1002.217
1666845866009,1002.24927
1666845866029,1002.2143
1666845866052,1002.20306
1666845866068,1002.20325
1666845866088,1002.2179
1666845866109,1002.19354
1666845866129,1002.19293
1666845866148,1002.1888
1666845866169,1002.1854
1666845866191,1002.1997
1666845866209,1002.19086
1666845866231,1002.1829
1666845866248,1002.1692
1666845866269,1002.20135
1666845866288,1002.20245
1666845866310,1002.1712
1666845866328,1002.19794
1666845866348,1002.21545
1666845866369,1002.19855
1666845866388,1002.19495
1666845866410,1002.2065
1666845866432,1002.1661
1666845866448,1002.20514
1666845866469,1002.18384
1666845866488,1002.20166
1666845866510,1002.18555
1666845866530,1002.2127
1666845866549,1002.1686
1666845866568,1002.19775
1666845866588,1002.1721
1666845866609,1002.1721
1666845866628,1002.14056
1666845866648,1002.13434
1666845866669,1002.14557
1666845866689,1002.13196
1666845866708,1002.13135
1666845866728,1002.1834
1666845866749,1002.1712
1666845866768,1002.1636
1666845866788,1002.171
1666845866808,1002.1609
1666845866828,1002.1859
1666845866849,1002.1592
1666845866868,1002.1512
1666845866889,1002.1827
1666845866908,1002.15436
1666845866928,1002.14996
1666845866949,1002.1876
1666845866968,1002.2321
1666845866987,1002.21466
1666845867010,1002.1639
1666845867028,1002.21783
1666845867048,1002.1767
1666845867068,1002.1884
1666845867088,1002.1667
1666845867110,1002.167
1666845867129,1002.1817
1666845867149,1002.12415
1666845867168,1002.12933
1666845867191,1002.13306
1666845867210,1002.15326
1666845867228,1002.1234
1666845867249,1002.0964
1666845867269,1002.1228
1666845867288,1002.1578
1666845867308,1002.14575
1666845867328,1002.1594
1666845867348,1002.1746
1666845867369,1002.1298
1666845867391,1002.1437
1666845867409,1002.14777
1666845867429,1002.14606
1666845867448,1002.1653
1666845867469,1002.1526
1666845867488,1002.1542
1666845867509,1002.1579
1666845867529,1002.14105
1666845867549,1002.1614
1666845867569,1002.1712
1666845867592,1002.15106
1666845867609,1002.20355
1666845867630,1002.1656
1666845867649,1002.1735
1666845867670,1002.1823
1666845867688,1002.18854
1666845867708,1002.15356
1666845867729,1002.14655
1666845867749,1002.1471
1666845867769,1002.1209
1666845867789,1002.1234
1666845867808,1002.1528
1666845867828,1002.1106
1666845867849,1002.1167
1666845867868,1002.1085
1666845867892,1002.1042
1666845867908,1002.1471
1666845867928,1002.13184
1666845867948,1002.1726
1666845867971,1002.1618
1666845867989,1002.1898
1666845868009,1002.15845
1666845868028,1002.19183
1666845868048,1002.15106
1666845868069,1002.19244
1666845868088,1002.171
1666845868109,1002.18097
1666845868142,1002.1826
1666845868149,1002.17053
1666845868168,1002.1721
1666845868188,1002.1662
1666845868210,1002.20886
1666845868229,1002.1527
1666845868249,1002.144
1666845868272,1002.15137
1666845868288,1002.13165
1666845868308,1002.1636
1666845868329,1002.14496
1666845868348,1002.14667
1666845868368,1002.1376
1666845868388,1002.14667
1666845868407,1002.1671
1666845868427,1002.1542
1666845868447,1002.1393
1666845868470,1002.1346
1666845868488,1002.1704
1666845868508,1002.187
1666845868528,1002.162
1666845868548,1002.1712
1666845868568,1002.17365
1666845868589,1002.1559
1666845868609,1002.14166
1666845868628,1002.18463
1666845868648,1002.13196
1666845868668,1002.1554
1666845868689,1002.1751
1666845868708,1002.19354
1666845868728,1002.16583
1666845868750,1002.1625
1666845868768,1002.1926
1666845868789,1002.1595
1666845868808,1002.17365
1666845868828,1002.1501
1666845868850,1002.1476
1666845868869,1002.14154
1666845868888,1002.1632
1666845868908,1002.1567
1666845868930,1002.14136
1666845868951,1002.12213
1666845868968,1002.15826
1666845868990,1002.1818
1666845869009,1002.1526
1666845869028,1002.1721
1666845869052,1002.15326
1666845869069,1002.1598
1666845869089,1002.13635
1666845869109,1002.1664
1666845869128,1002.1617
1666845869150,1002.13873
1666845869169,1002.1653
1666845869189,1002.162
1666845869208,1002.1951
1666845869229,1002.1614
1666845869248,1002.1731
1666845869269,1002.20325
1666845869288,1002.14166
1666845869309,1002.1593
1666845869332,1002.1437
1666845869349,1002.13446
1666845869370,1002.1445
1666845869389,1002.14325
1666845869408,1002.1198
1666845869431,1002.144
1666845869448,1002.12054
1666845869468,1002.12573
1666845869488,1002.15686
1666845869510,1002.14825
1666845869533,1002.14465
1666845869548,1002.13385
1666845869569,1002.1182
1666845869589,1002.14276
1666845869609,1002.1346
1666845869629,1002.13855
1666845869648,1002.1187
1666845869668,1002.176
1666845869688,1002.13617
1666845869709,1002.1324
1666845869727,1002.12915
1666845869750,1002.12524
1666845869769,1002.127
1666845869788,1002.1131
1666845869809,1002.1173
1666845869828,1002.09216
1666845869849,1002.08716
1666845869868,1002.14166
1666845869888,1002.1165
1666845869909,1002.1135
1666845869928,1002.114
1666845869950,1002.13116
1666845869968,1002.1148
1666845869988,1002.13873
1666845870009,1002.14886
1666845870027,1002.0945
1666845870049,1002.1168
1666845870068,1002.12854
1666845870088,1002.1075
1666845870109,1002.1137
1666845870128,1002.1248
1666845870149,1002.1647
1666845870168,1002.10803
1666845870190,1002.1337
1666845870212,1002.1635
1666845870228,1002.13556
1666845870248,1002.12933
1666845870268,1002.14825
1666845870289,1002.1092
1666845870308,1002.0978
1666845870330,1002.099
1666845870348,1002.07745
1666845870368,1002.0971
1666845870389,1002.1263
1666845870408,1002.1059
1666845870429,1002.1207
1666845870448,1002.0929
1666845870468,1002.12524
1666845870488,1002.1036
1666845870508,1002.11066
1666845870529,1002.1171
1666845870548,1002.0929
1666845870569,1002.1084
1666845870591,1002.0973
1666845870608,1002.06665
1666845870629,1002.07794
1666845870648,1002.1263
1666845870668,1002.1207
1666845870689,1002.1106
1666845870709,1002.1154
1666845870728,1002.095
1666845870748,1002.08746
1666845870768,1002.0607
1666845870791,1002.06415
1666845870808,1002.07904
1666845870828,1002.0964
1666845870848,1002.0867
1666845870869,1002.0818
1666845870888,1002.08215
1666845870909,1002.0704
1666845870929,1002.0637
1666845870949,1002.0673
1666845870970,1002.0984
1666845870988,1002.08405
1666845871009,1002.0884
1666845871028,1002.08575
1666845871049,1002.05835
1666845871071,1002.1045
1666845871088,1002.07635
1666845871109,1002.1025
1666845871128,1002.0978
1666845871148,1002.1039
1666845871171,1002.08057
1666845871194,1002.0604
1666845871209,1002.06793
1666845871228,1002.09576
1666845871250,1002.0794
1666845871271,1002.0851
1666845871290,1002.0601
1666845871309,1002.07513
1666845871328,1002.06323
1666845871349,1002.06824
1666845871371,1002.0654
1666845871388,1002.037
1666845871408,1002.09576
1666845871429,1002.05963
1666845871452,1002.06854
1666845871468,1002.08966
1666845871489,1002.0965
1666845871508,1002.07697
1666845871528,1002.07245
1666845871549,1002.06635
1666845871568,1002.0571
1666845871588,1002.0629
1666845871608,1002.06854
1666845871629,1002.0876
1666845871648,1002.08105
1666845871670,1002.08215
1666845871689,1002.07855
1666845871708,1002.0903
1666845871728,1002.0662
1666845871749,1002.0579
1666845871768,1002.0434
1666845871789,1002.03076
1666845871808,1002.0389
1666845871829,1002.04816
1666845871848,1002.004
1666845871869,1002.0452
1666845871888,1002.06165
1666845871908,1002.01196
1666845871929,1002.0609
1666845871950,1002.06116
1666845871968,1002.0436
1666845871988,1002.06586
1666845872009,1002.0437
1666845872029,1002.01135
1666845872048,1002.02277
1666845872069,1002.03107
1666845872088,1002.06494
1666845872108,1002.0531
1666845872129,1002.0517
1666845872151,1002.0323
1666845872169,1002.0448
1666845872188,1002.05023
1666845872209,1002.0601
1666845872228,1002.06244
1666845872250,1002.0662
1666845872269,1002.0537
1666845872288,1002.02356
1666845872309,1001.9745
1666845872328,1001.9957
1666845872348,1002.0065
1666845872369,1002.02014
1666845872390,1002.0261
1666845872408,1002.0304
1666845872428,1002.01685
1666845872449,1002.02716
1666845872468,1002.0029
1666845872489,1001.99994
1666845872508,1002.01294
1666845872532,1002.01587
1666845872548,1002.0312
1666845872568,1002.01105
1666845872588,1002.0337
1666845872609,1002.01184
1666845872629,1002.0477
1666845872649,1002.01337
1666845872668,1002.00433
1666845872688,1002.00684
1666845872710,1002.01135
1666845872728,1002.01544
1666845872748,1002.01825
1666845872769,1002.0389
1666845872789,1002.00665
1666845872809,1001.9612
1666845872828,1002.00684
1666845872849,1001.9867
1666845872870,1002.0054
1666845872889,1002.00574
1666845872909,1001.9912
1666845872928,1002.0392
1666845872950,1002.0298
1666845872968,1002.00305
1666845872989,1002.02045
1666845873012,1001.99963
1666845873029,1002.0009
1666845873049,1001.9764
1666845873068,1002.0346
1666845873089,1001.9895
1666845873112,1002.0023
1666845873128,1002.0247
1666845873148,1002.0439
1666845873168,1002.0223
1666845873189,1002.03217
1666845873209,1002.00745
1666845873228,1002.02155
1666845873249,1002.01416
1666845873268,1002.01447
1666845873290,1002.0059
1666845873308,1001.95264
1666845873328,1002.0069
1666845873348,1002.0045
1666845873370,1002.00854
1666845873389,1001.99713
1666845873408,1002.0398
1666845873429,1001.98804
1666845873448,1001.9678
1666845873469,1001.99347
1666845873491,1001.9681
1666845873508,1001.9921
1666845873530,1002.0004
1666845873548,1001.96466
1666845873569,1001.94867
1666845873589,1001.99316
1666845873608,1001.9825
1666845873629,1001.9817
1666845873648,1001.98303
1666845873668,1001.9612
1666845873689,1001.95667
1666845873709,1001.9889
1666845873729,1001.9896
1666845873749,1001.96716
1666845873768,1001.9267
1666845873788,1001.9768
1666845873808,1001.9312
1666845873828,1001.93854
1666845873848,1001.94684
1666845873869,1001.9765
1666845873888,1001.9854
1666845873908,1001.96625
1666845873928,1001.96356
1666845873949,1001.96106
1666845873970,1001.97174
1666845873988,1001.9826
1666845874009,1001.9745
1666845874028,1001.979
1666845874048,1001.9712
1666845874072,1001.95135
1666845874088,1001.94244
1666845874110,1001.9676
1666845874128,1001.9842
1666845874148,1001.9898
1666845874169,1001.96857
1666845874188,1001.96936
1666845874209,1001.95526
1666845874229,1001.95013
1666845874249,1001.9747
1666845874272,1001.9343
1666845874288,1001.9606
1666845874308,1001.95013
1666845874328,1001.94214
1666845874349,1001.95825
1666845874367,1001.94696
1666845874388,1001.9982
1666845874407,1001.9796
1666845874428,1001.9354
1666845874450,1001.98303
1666845874472,1001.9714
1666845874489,1001.94525
1666845874509,1001.9267
1666845874529,1001.9201
1666845874549,1001.93384
1666845874568,1001.9437
1666845874590,1001.9881
1666845874608,1001.9651
1666845874629,1001.95197
1666845874650,1001.9698
1666845874668,1001.95337
1666845874690,1001.9379
1666845874708,1001.9351
1666845874730,1001.9273
1666845874748,1001.9401
1666845874768,1001.9209
1666845874788,1001.9684
1666845874808,1001.9151
1666845874830,1001.9189
1666845874852,1001.924
1666845874869,1001.9039
1666845874888,1001.9278
1666845874908,1001.95294
1666845874931,1001.9245
1666845874951,1001.92993
1666845874970,1001.95337
1666845874988,1001.95135
1666845875008,1001.9031
1666845875031,1001.9298
1666845875053,1001.95557
1666845875069,1001.9359
1666845875089,1001.94354
1666845875110,1001.93665
1666845875129,1001.94183
1666845875148,1001.9664
1666845875169,1001.9814
1666845875189,1001.9796
1666845875209,1001.9754
1666845875232,1001.95215
1666845875248,1001.9773
1666845875269,1001.96106
1666845875288,1001.90137
1666845875309,1001.9375
1666845875329,1001.9323
1666845875348,1001.89935
1666845875369,1001.927
1666845875388,1001.8997
1666845875409,1001.9067
1666845875430,1001.89154
1666845875449,1001.917
1666845875469,1001.9404
1666845875488,1001.914
1666845875508,1001.9018
1666845875528,1001.89465
1666845875553,1001.89813
1666845875571,1001.9125
1666845875589,1001.9189
1666845875608,1001.9156
1666845875632,1001.89514
1666845875649,1001.9171
1666845875668,1001.9184
1666845875692,1001.90216
1666845875708,1001.922
1666845875728,1001.9321
1666845875749,1001.92523
1666845875768,1001.90106
1666845875788,1001.9304
1666845875810,1001.9423
1666845875828,1001.89435
1666845875849,1001.9257
1666845875868,1001.8732
1666845875888,1001.8759
1666845875908,1001.88043
1666845875928,1001.9235
1666845875948,1001.88605
1666845875968,1001.89087
1666845875990,1001.9235
1666845876011,1001.89966
1666845876028,1001.89124
1666845876048,1001.9387
1666845876069,1001.9595
1666845876088,1001.9228
1666845876110,1001.93463
1666845876128,1001.942
1666845876148,1001.9282
1666845876169,1001.95355
1666845876190,1001.9343
1666845876208,1001.94696
1666845876229,1001.9596
1666845876248,1001.9459
1666845876270,1001.92053
1666845876289,1001.94745
1666845876314,1001.95013
1666845876330,1001.9306
1666845876348,1001.92365
1666845876368,1001.91534
1666845876391,1001.94745
1666845876409,1001.9355
1666845876429,1001.8981
1666845876448,1001.9167
1666845876469,1001.9054
1666845876488,1001.908
1666845876508,1001.9067
1666845876530,1001.9321
1666845876551,1001.9306
1666845876570,1001.9018
1666845876592,1001.8924
1666845876608,1001.9012
1666845876629,1001.93097
1666845876649,1001.89813
1666845876668,1001.9267
1666845876689,1001.9176
1666845876708,1001.9271
1666845876728,1001.9459
1666845876748,1001.9037
1666845876770,1001.9103
1666845876791,1001.9609
1666845876808,1001.95306
1666845876828,1001.9285
1666845876848,1001.8919
1666845876868,1001.92365
1666845876892,1001.90845
1666845876909,1001.9034
1666845876928,1001.9031
1666845876948,1001.8856
1666845876971,1001.9186
1666845876988,1001.88684
1666845877009,1001.8548
1666845877029,1001.9161
1666845877048,1001.9207
1666845877070,1001.88513
1666845877088,1001.894
1666845877110,1001.9123
1666845877128,1001.88544
1666845877149,1001.9221
1666845877172,1001.9164
1666845877188,1001.9174
1666845877208,1001.9459
1666845877229,1001.9115
1666845877248,1001.94073
1666845877272,1001.9648
1666845877288,1001.9089
1666845877308,1001.93134
1666845877328,1001.9115
1666845877352,1001.9466
1666845877373,1001.9717
1666845877390,1001.95166
1666845877409,1001.95215
1666845877428,1001.94495
1666845877448,1001.9278
1666845877471,1001.9156
1666845877488,1001.9565
1666845877509,1001.9176
1666845877530,1001.90826
1666845877550,1001.88684
1666845877568,1001.88995
1666845877590,1001.8795
1666845877609,1001.9163
1666845877628,1001.87823
1666845877649,1001.9165
1666845877668,1001.93823
1666845877689,1001.94525
1666845877708,1001.95264
1666845877728,1001.93994
1666845877750,1001.914
1666845877768,1001.9131
1666845877788,1001.9181
1666845877809,1001.9184
1666845877828,1001.9053
1666845877852,1001.9104
1666845877869,1001.9168
1666845877889,1001.90137
1666845877908,1001.9393
1666845877931,1001.93915
1666845877951,1001.9673
1666845877968,1001.94025
1666845877990,1001.97034
1666845878008,1001.9381
1666845878028,1001.9192
1666845878048,1001.8924
1666845878069,1001.92053
1666845878089,1001.8734
1666845878109,1001.9093
1666845878129,1001.8734
1666845878148,1001.8693
1666845878171,1001.90106
1666845878189,1001.87836
1666845878208,1001.89655
1666845878230,1001.88196
1666845878252,1001.9057
1666845878270,1001.8962
1666845878288,1001.90576
1666845878309,1001.9006
1666845878331,1001.9109
1666845878348,1001.8937
1666845878370,1001.8973
1666845878388,1001.8846
1666845878408,1001.8681
1666845878433,1001.86884
1666845878448,1001.88586
1666845878469,1001.88135
1666845878488,1001.9212
1666845878510,1001.9168
1666845878531,1001.9161
1666845878548,1001.93494
1666845878569,1001.9176
1666845878588,1001.88916
1666845878610,1001.9006
1666845878628,1001.9098
1666845878648,1001.90826
1666845878668,1001.9171
1666845878688,1001.88434
1666845878711,1001.89655
1666845878728,1001.88275
1666845878750,1001.87494
1666845878769,1001.91583
1666845878790,1001.89264
1666845878809,1001.8687
1666845878829,1001.9066
1666845878850,1001.8475
1666845878870,1001.8682
1666845878888,1001.83264
1666845878909,1001.8557
1666845878928,1001.9203
1666845878950,1001.91113
1666845878968,1001.89325
1666845878988,1001.89526
1666845879011,1001.8531
1666845879028,1001.87885
1666845879048,1001.8442
1666845879068,1001.8846
1666845879089,1001.8705
1666845879111,1001.87366
1666845879128,1001.8484
1666845879148,1001.8596
1666845879168,1001.87415
1666845879190,1001.8362
1666845879217,1001.83405
1666845879228,1001.8604
1666845879248,1001.89264
1666845879269,1001.88824
1666845879289,1001.87384
1666845879308,1001.8559
1666845879330,1001.86755
1666845879348,1001.8437
1666845879370,1001.8645
1666845879390,1001.8595
1666845879408,1001.88196
1666845879429,1001.8575
1666845879448,1001.8409
1666845879469,1001.84436
1666845879489,1001.8696
1666845879508,1001.8709
1666845879529,1001.8754
1666845879548,1001.8362
1666845879568,1001.8623
1666845879589,1001.8414
1666845879608,1001.8645
1666845879628,1001.82495
1666845879648,1001.82605
1666845879669,1001.8453
1666845879690,1001.8624
1666845879709,1001.84045
1666845879728,1001.83746
1666845879748,1001.8525
1666845879770,1001.8648
1666845879791,1001.844
1666845879809,1001.81805
1666845879828,1001.83075
1666845879848,1001.8464
1666845879869,1001.8454
1666845879888,1001.8549
1666845879909,1001.84326
1666845879928,1001.86273
1666845879948,1001.8549
1666845879969,1001.87744
1666845879989,1001.8626
1666845880009,1001.82623
1666845880027,1001.82916
1666845880048,1001.844
1666845880069,1001.8223
1666845880090,1001.8479
1666845880109,1001.8617
1666845880128,1001.84436
1666845880148,1001.8023
1666845880170,1001.7812
1666845880189,1001.8525
1666845880210,1001.8062
1666845880228,1001.8571
1666845880251,1001.832
1666845880269,1001.8032
1666845880289,1001.837
1666845880309,1001.81165
1666845880329,1001.8337
1666845880349,1001.81165
1666845880371,1001.83105
1666845880388,1001.8409
1666845880408,1001.83075
1666845880428,1001.8506
1666845880450,1001.8315
1666845880468,1001.8299
1666845880489,1001.8473
1666845880508,1001.8423
1666845880528,1001.8617
1666845880552,1001.8692
1666845880575,1001.8455
1666845880589,1001.83264
1666845880608,1001.8023
1666845880630,1001.82666
1666845880651,1001.8062
1666845880669,1001.81604
1666845880689,1001.82355
1666845880708,1001.81165
1666845880730,1001.81714
1666845880748,1001.801
1666845880769,1001.8504
1666845880790,1001.83405
1666845880808,1001.83215
1666845880828,1001.82794
1666845880848,1001.7939
1666845880868,1001.7837
1666845880887,1001.77856
1666845880908,1001.7726
1666845880929,1001.797
1666845880951,1001.80646
1666845880968,1001.8026
1666845880988,1001.817
1666845881008,1001.812
1666845881029,1001.7669
1666845881050,1001.8198
1666845881069,1001.79
1666845881088,1001.76215
1666845881108,1001.787
1666845881128,1001.8323
1666845881152,1001.7921
1666845881168,1001.76025
1666845881189,1001.7887
1666845881209,1001.797
1666845881229,1001.8134
1666845881249,1001.81854
1666845881269,1001.81323
1666845881289,1001.8091
1666845881309,1001.8007
1666845881332,1001.80383
1666845881348,1001.7928
1666845881370,1001.7867
1666845881388,1001.792
1666845881410,1001.7914
1666845881429,1001.77466
1666845881449,1001.7834
1666845881468,1001.7946
1666845881488,1001.81244
1666845881510,1001.79865
1666845881533,1001.7839
1666845881549,1001.8067
1666845881568,1001.817
1666845881589,1001.8087
1666845881610,1001.782
1666845881630,1001.7611
1666845881649,1001.76196
1666845881669,1001.79083
1666845881688,1001.7834
1666845881711,1001.8129
1666845881731,1001.76654
1666845881749,1001.7936
1666845881769,1001.8152
1666845881790,1001.782
1666845881808,1001.8032
1666845881828,1001.76154
1666845881849,1001.78326
1666845881868,1001.783
1666845881889,1001.797
1666845881911,1001.75793
1666845881928,1001.76886
1666845881949,1001.75995
1666845881969,1001.7934
1666845881989,1001.7784
1666845882010,1001.7573
1666845882029,1001.7584
1666845882048,1001.7565
1666845882067,1001.7428
1666845882088,1001.7468
1666845882109,1001.7406
1666845882128,1001.7379
1666845882148,1001.76215
1666845882169,1001.75214
1666845882188,1001.7837
1666845882208,1001.7159
1666845882228,1001.7767
1666845882248,1001.77075
1666845882269,1001.76135
1666845882289,1001.75684
1666845882308,1001.7837
1666845882328,1001.7669
1666845882348,1001.75555
1666845882371,1001.7187
1666845882391,1001.75604
1666845882408,1001.76605
1666845882429,1001.7559
1666845882448,1001.7325
1666845882468,1001.75745
1666845882489,1001.70935
1666845882508,1001.75885
1666845882529,1001.7426
1666845882549,1001.76855
1666845882568,1001.7854
1666845882588,1001.76215
1666845882608,1001.7396
1666845882630,1001.74274
1666845882649,1001.7143
1666845882669,1001.7309
1666845882691,1001.7537
1666845882708,1001.735
1666845882728,1001.7272
1666845882748,1001.7287
1666845882770,1001.7431
1666845882788,1001.7854
1666845882808,1001.76086
1666845882828,1001.7432
1666845882848,1001.7373
1666845882870,1001.7382
1666845882893,1001.7173
1666845882908,1001.71686
1666845882928,1001.7268
1666845882948,1001.72107
1666845882969,1001.75323
1666845882992,1001.71155
1666845883009,1001.72076
1666845883028,1001.7231
1666845883049,1001.7137
1666845883071,1001.6826
1666845883088,1001.7321
1666845883109,1001.69415
1666845883128,1001.6865
1666845883148,1001.71387
1666845883169,1001.74524
1666845883188,1001.70355
1666845883210,1001.70404
1666845883229,1001.7109
1666845883248,1001.71326
1666845883272,1001.7309
1666845883288,1001.74384
1666845883309,1001.7328
1666845883328,1001.7289
1666845883349,1001.7364
1666845883368,1001.6782
1666845883388,1001.6971
1666845883408,1001.7137
1666845883428,1001.7295
1666845883449,1001.74744
1666845883473,1001.7342
1666845883488,1001.7462
1666845883508,1001.7596
1666845883528,1001.7215
1666845883548,1001.7151
1666845883569,1001.70435
1666845883588,1001.70306
1666845883609,1001.6648
1666845883629,1001.671
1666845883651,1001.70465
1666845883668,1001.672
1666845883689,1001.6611
1666845883708,1001.6603
1666845883730,1001.70154
1666845883748,1001.70935
1666845883768,1001.6776
1666845883789,1001.71136
1666845883808,1001.7044
1666845883828,1001.69855
1666845883851,1001.725
1666845883869,1001.70667
1666845883889,1001.6832
1666845883908,1001.6821
1666845883930,1001.7087
1666845883948,1001.69635
1666845883969,1001.71564
1666845883990,1001.7063
1666845884008,1001.7268
1666845884029,1001.7418
1666845884050,1001.70435
1666845884068,1001.7142
1666845884088,1001.6879
1666845884109,1001.74884
1666845884128,1001.654
1666845884150,1001.7062
1666845884168,1001.6631
1666845884188,1001.6565
1666845884208,1001.6695
1666845884230,1001.6512
1666845884248,1001.6686
1666845884269,1001.65735
1666845884288,1001.6614
1666845884309,1001.6279
1666845884328,1001.64276
1666845884354,1001.64966
1666845884369,1001.64264
1666845884388,1001.6834
1666845884409,1001.6937
1666845884432,1001.6743
1666845884449,1001.6879
1666845884470,1001.6823
1666845884488,1001.69275
1666845884508,1001.71686
1666845884529,1001.68823
1666845884548,1001.7306
1666845884570,1001.732
1666845884588,1001.69806
1666845884608,1001.6857
1666845884632,1001.7176
1666845884648,1001.69525
1666845884668,1001.6832
1666845884690,1001.70215
1666845884708,1001.70325
1666845884732,1001.6642
1666845884748,1001.6629
1666845884768,1001.6701
1666845884788,1001.6804
1666845884811,1001.7044
1666845884832,1001.65326
1666845884848,1001.6622
1666845884869,1001.6857
1666845884889,1001.6656
1666845884908,1001.6951
1666845884929,1001.64105
1666845884948,1001.6893
1666845884969,1001.68744
1666845884988,1001.69556
1666845885009,1001.6626
1666845885028,1001.70105
1666845885049,1001.6915
1666845885070,1001.6481
1666845885088,1001.6817
1666845885109,1001.6618
1666845885129,1001.6845
1666845885149,1001.69135
1666845885168,1001.6893
1666845885189,1001.70056
1666845885209,1001.732
1666845885228,1001.7065
1666845885247,1001.6868
1666845885268,1001.69183
1666845885288,1001.6573
1666845885310,1001.6859
1666845885329,1001.6602
1666845885348,1001.6509
1666845885368,1001.6837
1666845885391,1001.6781
1666845885412,1001.644
1666845885428,1001.70374
1666845885450,1001.664
1666845885469,1001.6843
1666845885488,1001.6895
1666845885508,1001.69495
1666845885528,1001.6898
1666845885548,1001.6667
1666845885569,1001.737
1666845885592,1001.70886
1666845885608,1001.6764
1666845885631,1001.70245
1666845885649,1001.6865
1666845885668,1001.7087
1666845885690,1001.6884
1666845885708,1001.7153
1666845885729,1001.70685
1666845885748,1001.6589
1666845885769,1001.676
1666845885790,1001.6709
1666845885809,1001.6842
1666845885829,1001.6881
1666845885848,1001.6726
1666845885868,1001.6767
1666845885889,1001.6818
1666845885909,1001.6725
1666845885929,1001.69904
1666845885947,1001.64075
1666845885968,1001.68134
1666845885990,1001.6701
1666845886008,1001.6674
1666845886029,1001.6836
1666845886048,1001.6764
1666845886069,1001.63715
1666845886092,1001.6502
1666845886109,1001.6762
1666845886128,1001.66583
1666845886149,1001.6614
1666845886172,1001.6587
1666845886188,1001.6684
1666845886210,1001.6951
1666845886229,1001.6772
1666845886248,1001.6834
1666845886271,1001.7178
1666845886289,1001.6921
1666845886310,1001.7044
1666845886328,1001.64056
1666845886350,1001.652
1666845886372,1001.63873
1666845886388,1001.63654
1666845886410,1001.6111
1666845886428,1001.64685
1666845886448,1001.6118
1666845886472,1001.6082
1666845886488,1001.64685
1666845886508,1001.63654
1666845886528,1001.64514
1666845886551,1001.6676
1666845886568,1001.64215
1666845886588,1001.70276
1666845886609,1001.6674
1666845886628,1001.64105
1666845886650,1001.63043
1666845886673,1001.64526
1666845886689,1001.64966
1666845886708,1001.63525
1666845886729,1001.6639
1666845886752,1001.6748
1666845886768,1001.65686
1666845886791,1001.6709
1666845886809,1001.6606
1666845886828,1001.624
1666845886850,1001.67316
1666845886869,1001.6717
1666845886890,1001.6232
1666845886909,1001.6393
1666845886929,1001.6559
1666845886950,1001.65137
1666845886968,1001.6686
1666845886989,1001.6895
1666845887008,1001.6556
1666845887029,1001.63513
1666845887049,1001.6564
1666845887068,1001.64606
1666845887088,1001.64325
1666845887108,1001.6184
1666845887128,1001.62463
1666845887149,1001.6198
1666845887168,1001.6545
1666845887188,1001.63873
1666845887208,1001.64636
1666845887228,1001.63776
1666845887252,1001.64996
1666845887269,1001.677
1666845887288,1001.6512
1666845887309,1001.64136
1666845887330,1001.5987
1666845887349,1001.6028
1666845887370,1001.60004
1666845887388,1001.58075
1666845887409,1001.63605
1666845887432,1001.6139
1666845887448,1001.63165
1666845887469,1001.64496
1666845887488,1001.64154
1666845887511,1001.63055
1666845887530,1001.62714
1666845887548,1001.61993
1666845887569,1001.6268
1666845887588,1001.6609
1666845887608,1001.5971
1666845887631,1001.622
1666845887648,1001.6251
1666845887668,1001.6218
1666845887688,1001.6032
1666845887711,1001.6231
1666845887729,1001.64465
1666845887750,1001.6531
1666845887769,1001.63885
1666845887789,1001.63586
1666845887809,1001.63306
1666845887828,1001.6126
1666845887849,1001.61633
1666845887868,1001.62854
1666845887889,1001.6176
1666845887909,1001.57635
1666845887929,1001.57935
1666845887949,1001.5773
1666845887968,1001.6012
1666845887988,1001.5738
1666845888009,1001.6044
1666845888028,1001.57886
1666845888049,1001.5909
1666845888068,1001.622
1666845888089,1001.63385
1666845888109,1001.6254
1666845888130,1001.5964
1666845888149,1001.65247
1666845888168,1001.62103
1666845888189,1001.58887
1666845888212,1001.6104
1666845888228,1001.61884
1666845888249,1001.6251
1666845888268,1001.6057
1666845888291,1001.617
1666845888308,1001.6254
1666845888329,1001.6098
1666845888348,1001.63574
1666845888369,1001.5851
1666845888390,1001.6295
1666845888412,1001.592
1666845888429,1001.56036
1666845888448,1001.5345
1666845888469,1001.57025
1666845888491,1001.56354
1666845888508,1001.5537
1666845888529,1001.57196
1666845888548,1001.59076
1666845888569,1001.58417
1666845888590,1001.6042
1666845888613,1001.5593
1666845888629,1001.60803
1666845888648,1001.58167
1666845888671,1001.597
1666845888691,1001.609
1666845888710,1001.55
1666845888730,1001.6004
1666845888749,1001.57184
1666845888770,1001.595
1666845888793,1001.6045
1666845888815,1001.5916
1666845888829,1001.5986
1666845888853,1001.6247
1666845888868,1001.6132
1666845888888,1001.6093
1666845888908,1001.564
1666845888927,1001.6028
1666845888948,1001.59186
1666845888968,1001.5929
1666845888989,1001.597
1666845889008,1001.57666
1666845889028,1001.5467
1666845889048,1001.57355
1666845889068,1001.5954
1666845889089,1001.5907
1666845889108,1001.5798
1666845889128,1001.597
1666845889148,1001.57965
1666845889168,1001.57745
1666845889189,1001.5476
1666845889209,1001.539
1666845889229,1001.55884
1666845889249,1001.5453
1666845889268,1001.5618
1666845889288,1001.56744
1666845889309,1001.5986
1666845889328,1001.5806
1666845889349,1001.57904
1666845889371,1001.5945
1666845889388,1001.5398
1666845889409,1001.5479
1666845889428,1001.53577
1666845889449,1001.5432
1666845889469,1001.52386
1666845889489,1001.5276
1666845889508,1001.5412
1666845889528,1001.50934
1666845889550,1001.5376
1666845889573,1001.52325
1666845889588,1001.5548
1666845889608,1001.56995
1666845889628,1001.57465
1666845889647,1001.58386
1666845889669,1001.57544
1666845889688,1001.51385
1666845889709,1001.5484
1666845889728,1001.52106
1666845889753,1001.5504
1666845889774,1001.56134
1666845889789,1001.5834
1666845889809,1001.5637
1666845889831,1001.5398
1666845889848,1001.56464
1666845889868,1001.589
1666845889890,1001.55804
1666845889908,1001.5531
1666845889928,1001.5353
1666845889950,1001.5504
1666845889968,1001.52185
1666845889988,1001.5687
1666845890008,1001.5265
1666845890027,1001.539
1666845890049,1001.56964
1666845890068,1001.53186
1666845890089,1001.5701
1666845890108,1001.5524
1666845890129,1001.5499
1666845890153,1001.57666
1666845890169,1001.5592
1666845890189,1001.5322
1666845890208,1001.5314
1666845890228,1001.5537
1666845890249,1001.54816
1666845890269,1001.5256
1666845890288,1001.5223
1666845890309,1001.52637
1666845890329,1001.5615
1666845890348,1001.56464
1666845890370,1001.52637
1666845890388,1001.50714
1666845890408,1001.5375
1666845890429,1001.4921
1666845890451,1001.49884
1666845890469,1001.51385
1666845890487,1001.50323
1666845890508,1001.51776
1666845890529,1001.4901
1666845890548,1001.5337
1666845890568,1001.49634
1666845890588,1001.49744
1666845890607,1001.4731
1666845890628,1001.499
1666845890647,1001.4976
1666845890670,1001.53253
1666845890689,1001.51385
1666845890709,1001.4865
1666845890734,1001.4926
1666845890748,1001.4631
1666845890768,1001.51685
1666845890788,1001.5387
1666845890810,1001.5372
1666845890830,1001.5278
1666845890849,1001.5212
1666845890868,1001.55023
1666845890889,1001.5598
1666845890911,1001.54034
1666845890933,1001.54944
1666845890950,1001.5567
1666845890968,1001.47107
1666845890988,1001.4945
1666845891009,1001.486
1666845891028,1001.49866
1666845891049,1001.4689
1666845891068,1001.4957
1666845891088,1001.4893
1666845891109,1001.504
1666845891128,1001.5045
1666845891149,1001.49384
1666845891168,1001.50305
1666845891188,1001.4843
1666845891209,1001.50574
1666845891228,1001.46936
1666845891249,1001.51086
1666845891268,1001.4967
1666845891288,1001.5329
1666845891311,1001.4826
1666845891328,1001.4834
1666845891348,1001.50824
1666845891369,1001.49347
1666845891390,1001.4627
1666845891411,1001.4904
1666845891429,1001.4821
1666845891448,1001.4945
1666845891469,1001.474
1666845891492,1001.4596
1666845891508,1001.46857
1666845891529,1001.4323
1666845891548,1001.4203
1666845891568,1001.4471
1666845891588,1001.46387
1666845891608,1001.46936
1666845891630,1001.4667
1666845891649,1001.47876
1666845891668,1001.4762
1666845891688,1001.50696
1666845891708,1001.4882
1666845891728,1001.4548
1666845891748,1001.48303
1666845891769,1001.49866
1666845891790,1001.5065
1666845891808,1001.5026
1666845891828,1001.52606
1666845891848,1001.51086
1666845891869,1001.5026
1666845891891,1001.4918
1666845891909,1001.46356
1666845891928,1001.5198
1666845891948,1001.4667
1666845891969,1001.44214
1666845891988,1001.50696
1666845892009,1001.44226
1666845892028,1001.43146
1666845892050,1001.4451
1666845892071,1001.4301
1666845892088,1001.4859
1666845892109,1001.4687
1666845892128,1001.46295
1666845892149,1001.46185
1666845892168,1001.4765
1666845892188,1001.5076
1666845892210,1001.4967
1666845892228,1001.4828
1666845892250,1001.4318
1666845892272,1001.4778
1666845892288,1001.4573
1666845892310,1001.4274
1666845892328,1001.45996
1666845892349,1001.4667
1666845892368,1001.4792
1666845892389,1001.4757
1666845892408,1001.4854
1666845892428,1001.474
1666845892450,1001.44354
1666845892473,1001.44104
1666845892488,1001.45764
1666845892508,1001.4127
1666845892528,1001.4437
1666845892548,1001.432
1666845892568,1001.4106
1666845892589,1001.41583
1666845892609,1001.4142
1666845892631,1001.4123
1666845892649,1001.4153
1666845892669,1001.4225
1666845892689,1001.402
1666845892708,1001.432
1666845892729,1001.46045
1666845892748,1001.4809
1666845892769,1001.4426
1666845892789,1001.4101
1666845892809,1001.44916
1666845892829,1001.4201
1666845892853,1001.44324
1666845892869,1001.4346
1666845892890,1001.4471
1666845892909,1001.44543
1666845892929,1001.4412
1666845892951,1001.4667
1666845892968,1001.46136
1666845892990,1001.45276
1666845893009,1001.4842
1666845893030,1001.49963
1666845893051,1001.4893
1666845893068,1001.46216
1666845893088,1001.44464
1666845893110,1001.4312
1666845893129,1001.4171
1666845893149,1001.4323
1666845893170,1001.45294
1666845893188,1001.4681
1666845893210,1001.45245
1666845893232,1001.44104
1666845893252,1001.4717
1666845893269,1001.44214
1666845893288,1001.4601
1666845893309,1001.4817
1666845893328,1001.4326
1666845893352,1001.46484
1666845893369,1001.4695
1666845893389,1001.44653
1666845893409,1001.4203
1666845893431,1001.40356
1666845893448,1001.44434
1666845893470,1001.41534
1666845893490,1001.45197
1666845893509,1001.4598
1666845893528,1001.46857
1666845893549,1001.427
1666845893568,1001.421
1666845893589,1001.4665
1666845893609,1001.4814
1666845893630,1001.4703
1666845893648,1001.44165
1666845893669,1001.40106
1666845893689,1001.4147
1666845893708,1001.39185
1666845893730,1001.4017
1666845893748,1001.43463
1666845893768,1001.37494
1666845893788,1001.4009
1666845893810,1001.4183
1666845893830,1001.38635
1666845893848,1001.42365
1666845893868,1001.45123
1666845893889,1001.43604
1666845893907,1001.44025
1666845893930,1001.4715
1666845893949,1001.4632
1666845893968,1001.43713
1666845893988,1001.44464
1666845894009,1001.4387
1666845894029,1001.44995
1666845894050,1001.44995
1666845894069,1001.4582
1666845894088,1001.43854
1666845894108,1001.4864
1666845894128,1001.491
1666845894149,1001.4793
1666845894168,1001.51776
1666845894188,1001.48615
1666845894210,1001.43384
1666845894228,1001.44305
1666845894248,1001.4373
1666845894268,1001.44885
1666845894288,1001.4282
1666845894311,1001.42883
1666845894328,1001.4469
1666845894349,1001.43494
1666845894368,1001.4171
1666845894388,1001.44745
1666845894410,1001.46045
1666845894428,1001.45074
1666845894450,1001.45074
1666845894468,1001.4665
1666845894488,1001.4606
1666845894508,1001.45996
1666845894529,1001.4703
1666845894548,1001.43604
1666845894568,1001.45374
1666845894590,1001.44293
1666845894609,1001.4268
1666845894630,1001.444
1666845894649,1001.4395
1666845894668,1001.4466
1666845894690,1001.46326
1666845894713,1001.45294
1666845894729,1001.46387
1666845894751,1001.45325
1666845894770,1001.44635
1666845894790,1001.4329
1666845894808,1001.4167
1666845894829,1001.4656
1666845894848,1001.40607
1666845894868,1001.3687
1666845894892,1001.394
1666845894908,1001.4184
1666845894933,1001.4187
1666845894949,1001.404
1666845894968,1001.40045
1666845894990,1001.4326
1666845895008,1001.37665
1666845895029,1001.4368
1666845895049,1001.4767
1666845895068,1001.4239
1666845895090,1001.4376
1666845895108,1001.42346
1666845895128,1001.4184
1666845895149,1001.4204
1666845895169,1001.43854
1666845895188,1001.45465
1666845895210,1001.44946
1666845895228,1001.444
1666845895248,1001.4523
1666845895270,1001.4681
1666845895288,1001.44904
1666845895309,1001.407
1666845895328,1001.4221
1666845895350,1001.43304
1666845895370,1001.4498
1666845895388,1001.4015
1666845895411,1001.4375
1666845895428,1001.39636
1666845895449,1001.39307
1666845895469,1001.38293
1666845895488,1001.3693
1666845895508,1001.39014
1666845895528,1001.4179
1666845895550,1001.3892
1666845895571,1001.4056
1666845895588,1001.4137
1666845895609,1001.4167
1666845895628,1001.37836
1666845895651,1001.3779
1666845895672,1001.4048
1666845895689,1001.4218
1666845895708,1001.3873
1666845895729,1001.39105
1666845895751,1001.3809
1666845895768,1001.3559
1666845895790,1001.38513
1666845895809,1001.4031
1666845895828,1001.37024
1666845895852,1001.4028
1666845895873,1001.4064
1666845895889,1001.3726
1666845895909,1001.39655
1666845895930,1001.3704
1666845895951,1001.408
1666845895968,1001.38806
1666845895989,1001.40247
1666845896008,1001.4204
1666845896028,1001.38196
1666845896053,1001.3812
1666845896068,1001.38275
1666845896089,1001.37415
1666845896108,1001.3893
1666845896130,1001.39056
1666845896148,1001.38806
1666845896170,1001.4089
1666845896188,1001.39496
1666845896212,1001.39655
1666845896230,1001.38245
1666845896248,1001.4162
1666845896268,1001.40076
1666845896289,1001.3526
1666845896310,1001.3576
1666845896330,1001.3576
1666845896348,1001.3671
1666845896370,1001.3543
1666845896388,1001.4132
1666845896409,1001.37885
1666845896432,1001.4126
1666845896448,1001.3696
1666845896469,1001.38995
1666845896489,1001.3768
1666845896508,1001.38904
1666845896529,1001.3604
1666845896548,1001.3515
1666845896568,1001.3759
1666845896588,1001.3487
1666845896609,1001.32465
1666845896632,1001.34186
1666845896649,1001.3723
1666845896668,1001.32666
1666845896688,1001.3701
1666845896709,1001.366
1666845896728,1001.3518
1666845896750,1001.33295
1666845896769,1001.33264
1666845896788,1001.3537
1666845896808,1001.37415
1666845896831,1001.32745
1666845896849,1001.3454
1666845896869,1001.3532
1666845896888,1001.31824
1666845896909,1001.34076
1666845896928,1001.3493
1666845896950,1001.34357
1666845896969,1001.34827
1666845896988,1001.3498
1666845897009,1001.3571
1666845897028,1001.3626
1666845897049,1001.3621
1666845897068,1001.32794
1666845897088,1001.345
1666845897109,1001.32574
1666845897130,1001.3614
1666845897150,1001.3445
1666845897169,1001.37994
1666845897189,1001.38446
1666845897212,1001.3695
1666845897228,1001.3682
1666845897249,1001.3662
1666845897269,1001.3873
1666845897290,1001.36
1666845897308,1001.3919
1666845897329,1001.32385
1666845897349,1001.37823
1666845897369,1001.3374
1666845897389,1001.32544
1666845897408,1001.36743
1666845897428,1001.3645
1666845897448,1001.3442
1666845897469,1001.36896
1666845897493,1001.3518
1666845897513,1001.3484
1666845897528,1001.34436
1666845897548,1001.3518
1666845897567,1001.30597
1666845897588,1001.3372
1666845897610,1001.3453
1666845897630,1001.3223
1666845897649,1001.3439
1666845897668,1001.3497
1666845897688,1001.3348
1666845897708,1001.32446
1666845897728,1001.3073
1666845897749,1001.3403
1666845897767,1001.2893
1666845897790,1001.3028
1666845897808,1001.2967
1666845897828,1001.3198
1666845897848,1001.32153
1666845897868,1001.33325
1666845897888,1001.2978
1666845897909,1001.32056
1666845897928,1001.2886
1666845897948,1001.3053
1666845897970,1001.2784
1666845897993,1001.3532
1666845898008,1001.34607
1666845898028,1001.3198
1666845898048,1001.32135
1666845898069,1001.3021
1666845898090,1001.2897
1666845898108,1001.2881
1666845898129,1001.3062
1666845898148,1001.33167
1666845898171,1001.3398
1666845898188,1001.352
1666845898209,1001.3695
1666845898228,1001.34607
1666845898249,1001.34467
1666845898268,1001.3578
1666845898289,1001.32855
1666845898310,1001.3118
1666845898329,1001.3051
1666845898350,1001.2921
1666845898371,1001.2886
1666845898388,1001.2915
1666845898408,1001.3145
1666845898428,1001.2856
1666845898449,1001.32526
1666845898470,1001.2911
1666845898489,1001.3367
1666845898508,1001.32104
1666845898531,1001.3001
1666845898550,1001.3043
1666845898572,1001.307
1666845898589,1001.2914
1666845898609,1001.2825
1666845898628,1001.2907
1666845898648,1001.32916
1666845898668,1001.2971
1666845898688,1001.2967
1666845898709,1001.2921
1666845898729,1001.3129
1666845898750,1001.2752
1666845898774,1001.26764
1666845898790,1001.297
1666845898809,1001.2823
1666845898829,1001.26666
1666845898850,1001.27747
1666845898868,1001.26526
1666845898889,1001.3042
1666845898908,1001.26514
1666845898929,1001.2426
1666845898952,1001.295
1666845898968,1001.2893
1666845898988,1001.299
1666845899009,1001.30646
1666845899030,1001.3101
1666845899050,1001.2965
1666845899068,1001.2806
1666845899089,1001.27637
1666845899111,1001.3101
1666845899129,1001.32043
1666845899153,1001.31213
1666845899170,1001.30963
1666845899188,1001.2845
1666845899209,1001.29083
1666845899229,1001.2897
1666845899248,1001.3031
1666845899268,1001.3007
1666845899288,1001.25665
1666845899310,1001.2398
1666845899330,1001.2423
1666845899348,1001.26385
1666845899371,1001.27545
1666845899388,1001.2473
1666845899409,1001.2864
1666845899431,1001.3045
1666845899453,1001.2834
1666845899470,1001.27606
1666845899489,1001.2911
1666845899509,1001.3056
1666845899529,1001.2756
1666845899549,1001.26886
1666845899570,1001.26514
1666845899589,1001.2329
1666845899608,1001.26074
1666845899628,1001.28357
1666845899648,1001.2513
1666845899668,1001.27795
1666845899688,1001.30096
1666845899709,1001.2721
1666845899731,1001.2803
1666845899748,1001.25244
1666845899769,1001.25635
1666845899788,1001.21857
1666845899810,1001.23694
1666845899832,1001.26666
1666845899849,1001.2437
1666845899868,1001.21356
1666845899889,1001.21967
1666845899911,1001.227
1666845899929,1001.2454
1666845899950,1001.23566
1666845899968,1001.2117
1666845899988,1001.2325
1666845900008,1001.2545
1666845900028,1001.27277
1666845900049,1001.27277
1666845900068,1001.2423
1666845900088,1001.21295
1666845900109,1001.2382
1666845900127,1001.2353
1666845900149,1001.2493
1666845900168,1001.2843
1666845900189,1001.3023
1666845900208,1001.2731
1666845900228,1001.27386
1666845900247,1001.2493
1666845900268,1001.2759
1666845900288,1001.2726
1666845900309,1001.26685
1666845900328,1001.2526
1666845900348,1001.26355
1666845900368,1001.25745
1666845900389,1001.2335
1666845900411,1001.2417
1666845900429,1001.2059
1666845900448,1001.1826
1666845900468,1001.21936
1666845900490,1001.2181
1666845900508,1001.2457
1666845900529,1001.25433
1666845900548,1001.2501
1666845900570,1001.24396
1666845900587,1001.2267
1666845900607,1001.2342
1666845900629,1001.2393
1666845900648,1001.2304
1666845900668,1001.2348
1666845900691,1001.2356
1666845900708,1001.2815
1666845900729,1001.24634
1666845900749,1001.2712
1666845900769,1001.2768
1666845900789,1001.249
1666845900809,1001.2462
1666845900828,1001.225
1666845900849,1001.25494
1666845900869,1001.25543
1666845900893,1001.26044
1666845900910,1001.24915
1666845900930,1001.26855
1666845900948,1001.26385
1666845900968,1001.2731
1666845900991,1001.2348
1666845901009,1001.19934
1666845901029,1001.2393
1666845901049,1001.2265
1666845901070,1001.2165
1666845901093,1001.182
1666845901109,1001.2095
1666845901128,1001.17316
1666845901149,1001.19946
1666845901168,1001.19824
1666845901188,1001.1723
1666845901208,1001.1881
1666845901228,1001.2159
1666845901248,1001.2254
1666845901271,1001.20337
1666845901289,1001.2018
1666845901309,1001.2126
1666845901328,1001.19855
1666845901349,1001.2084
1666845901370,1001.17
1666845901389,1001.2017
1666845901410,1001.2286
1666845901429,1001.2164
1666845901449,1001.21967
1666845901472,1001.2354
1666845901488,1001.26117
1666845901509,1001.2367
1666845901530,1001.2504
1666845901548,1001.2262
1666845901570,1001.25415
1666845901589,1001.2512
1666845901608,1001.2287
1666845901628,1001.24493
1666845901649,1001.20575
1666845901671,1001.21387
1666845901689,1001.2373
1666845901708,1001.20917
1666845901728,1001.20886
1666845901748,1001.194
1666845901772,1001.18304
1666845901789,1001.1829
1666845901809,1001.2214
1666845901828,1001.20795
1666845901850,1001.21606
1666845901868,1001.2265
1666845901889,1001.2356
1666845901910,1001.2295
1666845901928,1001.19574
1666845901950,1001.21497
1666845901968,1001.2059
1666845901990,1001.20135
1666845902009,1001.19965
1666845902030,1001.192
1666845902054,1001.19305
1666845902068,1001.222
1666845902088,1001.1795
1666845902109,1001.22327
1666845902127,1001.19775
1666845902150,1001.20056
1666845902168,1001.2251
1666845902188,1001.2392
1666845902208,1001.20667
1666845902230,1001.194
1666845902250,1001.21387
1666845902269,1001.21606
1666845902288,1001.2187
1666845902308,1001.2048
1666845902328,1001.2332
1666845902352,1001.2296
1666845902368,1001.2128
1666845902389,1001.21967
1666845902409,1001.2225
1666845902431,1001.21185
1666845902448,1001.2095
1666845902469,1001.1756
1666845902489,1001.20905
1666845902508,1001.21075
1666845902529,1001.2323
1666845902548,1001.20544
1666845902569,1001.19165
1666845902588,1001.19305
1666845902609,1001.214
1666845902631,1001.2335
1666845902648,1001.2343
1666845902669,1001.21136
1666845902688,1001.2181
1666845902708,1001.2059
1666845902732,1001.23175
1666845902749,1001.21136
1666845902768,1001.2073
1666845902792,1001.18634
1666845902811,1001.21387
1666845902833,1001.25665
1666845902848,1001.19434
1666845902869,1001.20996
1666845902889,1001.2162
1666845902908,1001.19885
1666845902932,1001.1973
1666845902949,1001.1897
1666845902968,1001.21246
1666845902988,1001.26416
1666845903012,1001.222
1666845903028,1001.20544
1666845903050,1001.1843
1666845903069,1001.2184
1666845903088,1001.20715
1666845903110,1001.1998
1666845903128,1001.19324
1666845903149,1001.1973
1666845903168,1001.2247
1666845903190,1001.19806
1666845903211,1001.1785
1666845903228,1001.21155
1666845903250,1001.2209
1666845903269,1001.19684
1666845903288,1001.2018
1666845903311,1001.2287
1666845903328,1001.20764
1666845903349,1001.20087
1666845903369,1001.19885
1666845903390,1001.2217
1666845903411,1001.20795
1666845903428,1001.2298
1666845903449,1001.1903
1666845903468,1001.2176
1666845903490,1001.19415
1666845903508,1001.1859
1666845903528,1001.20514
1666845903548,1001.20355
1666845903569,1001.2184
1666845903591,1001.21857
1666845903609,1001.18353
1666845903630,1001.2509
1666845903649,1001.2282
1666845903668,1001.2215
1666845903688,1001.224
1666845903709,1001.19684
1666845903730,1001.2242
1666845903748,1001.2287
1666845903768,1001.2343
1666845903789,1001.2049
1666845903808,1001.2098
1666845903830,1001.2275
1666845903848,1001.157
1666845903868,1001.20667
1666845903890,1001.20355
1666845903908,1001.2127
1666845903927,1001.2317
1666845903948,1001.19684
1666845903968,1001.21466
1666845903990,1001.21075
1666845904008,1001.2576
1666845904028,1001.2348
1666845904047,1001.2272
1666845904068,1001.2013
1666845904090,1001.2018
1666845904109,1001.20715
1666845904128,1001.2282
1666845904148,1001.20135
1666845904170,1001.2328
1666845904189,1001.2018
1666845904210,1001.1927
1666845904228,1001.217
1666845904249,1001.1612
1666845904270,1001.19214
1666845904287,1001.2137
1666845904311,1001.19775
1666845904329,1001.2084
1666845904349,1001.214
1666845904370,1001.21155
1666845904388,1001.19684
1666845904410,1001.22003
1666845904428,1001.2381
1666845904449,1001.22345
1666845904473,1001.2248
1666845904488,1001.2339
1666845904508,1001.2153
1666845904528,1001.2267
1666845904550,1001.19867
1666845904571,1001.20685
1666845904590,1001.20337
1666845904609,1001.1966
1666845904628,1001.19354
1666845904649,1001.20685
1666845904672,1001.20795
1666845904689,1001.2265
1666845904709,1001.20825
1666845904728,1001.2381
1666845904750,1001.2162
1666845904769,1001.18964
1666845904789,1001.22754
1666845904808,1001.19183
1666845904829,1001.20807
1666845904850,1001.20264
1666845904868,1001.21606
1666845904889,1001.2217
1666845904908,1001.2109
1666845904929,1001.1953
1666845904950,1001.2371
1666845904969,1001.20197
1666845904989,1001.19495
1666845905008,1001.21246
1666845905029,1001.2314
1666845905050,1001.19257
1666845905074,1001.19214
1666845905090,1001.2286
1666845905108,1001.225
1666845905130,1001.20917
1666845905152,1001.17883
1666845905170,1001.1793
1666845905190,1001.21967
1666845905208,1001.2318
1666845905228,1001.20636
1666845905249,1001.2145
1666845905268,1001.20795
1666845905288,1001.19574
1666845905309,1001.19684
1666845905327,1001.2242
1666845905348,1001.21246
1666845905369,1001.2173
1666845905388,1001.2187
1666845905408,1001.1966
1666845905434,1001.2099
1666845905448,1001.20807
1666845905468,1001.20386
1666845905487,1001.19885
1666845905508,1001.19293
1666845905527,1001.2048
1666845905549,1001.20276
1666845905568,1001.1806
1666845905588,1001.2364
1666845905607,1001.21326
1666845905629,1001.21497
1666845905648,1001.2292
1666845905669,1001.20386
1666845905688,1001.24744
1666845905708,1001.2156
1666845905728,1001.21716
1666845905748,1001.1998
1666845905768,1001.1865
1666845905789,1001.2303
1666845905808,1001.2306
1666845905830,1001.20325
1666845905848,1001.19604
1666845905868,1001.1745
1666845905888,1001.20764
1666845905911,1001.1749
1666845905930,1001.2134
1666845905948,1001.21387
1666845905968,1001.21826
1666845905989,1001.2526
1666845906009,1001.19885
1666845906034,1001.20746
1666845906049,1001.23303
1666845906069,1001.2084
1666845906090,1001.2326
1666845906110,1001.20306
1666845906130,1001.1947
1666845906149,1001.194
1666845906169,1001.2261
1666845906188,1001.20825
1666845906210,1001.23303
1666845906228,1001.2164
1666845906249,1001.2062
1666845906269,1001.24176
1666845906288,1001.2252
1666845906308,1001.2337
1666845906329,1001.21545
1666845906349,1001.1948
1666845906368,1001.225
1666845906390,1001.21484
1666845906415,1001.1926
1666845906432,1001.19324
1666845906448,1001.24133
1666845906468,1001.19855
1666845906488,1001.192
1666845906510,1001.20795
1666845906528,1001.21967
1666845906548,1001.1962
1666845906568,1001.2176
1666845906590,1001.1973
1666845906613,1001.1681
1666845906628,1001.20056
1666845906648,1001.2282
1666845906668,1001.2127
1666845906688,1001.2181
1666845906708,1001.19934
1666845906732,1001.18494
1666845906748,1001.21075
1666845906768,1001.20166
1666845906788,1001.19946
1666845906808,1001.2418
1666845906829,1001.1915
1666845906848,1001.2229
1666845906868,1001.2356
1666845906890,1001.1893
1666845906908,1001.194
1666845906929,1001.1759
1666845906948,1001.1693
1666845906968,1001.222
1666845906989,1001.1857
1666845907008,1001.2153
1666845907028,1001.2323
1666845907048,1001.2214
1666845907068,1001.2073
1666845907089,1001.1851
1666845907108,1001.2189
1666845907130,1001.2067
1666845907148,1001.2181
1666845907169,1001.177
1666845907191,1001.21716
1666845907208,1001.2364
1666845907228,1001.19165
1666845907248,1001.20514
1666845907270,1001.20917
1666845907288,1001.20337
1666845907308,1001.2189
1666845907328,1001.21387
1666845907348,1001.2176
1666845907370,1001.2151
1666845907392,1001.2295
1666845907409,1001.1904
1666845907428,1001.2018
1666845907448,1001.20386
1666845907469,1001.19415
1666845907489,1001.21185
1666845907510,1001.19244
1666845907528,1001.19025
1666845907549,1001.2109
1666845907571,1001.214
1666845907588,1001.2351
1666845907610,1001.213
1666845907629,1001.2465
1666845907649,1001.2203
1666845907669,1001.2117
1666845907688,1001.21967
1666845907708,1001.20337
1666845907729,1001.21185
1666845907749,1001.2404
1666845907773,1001.20685
1666845907788,1001.21185
1666845907808,1001.19183
1666845907830,1001.20935
1666845907850,1001.23334
1666845907869,1001.2095
1666845907889,1001.2401
1666845907908,1001.2143
1666845907929,1001.21185
1666845907951,1001.189
1666845907969,1001.19354
1666845907989,1001.21185
1666845908008,1001.1656
1666845908028,1001.21606
1666845908049,1001.2314
1666845908068,1001.19055
1666845908090,1001.17847
1666845908109,1001.2262
1666845908129,1001.14386
1666845908148,1001.20087
1666845908168,1001.2364
1666845908189,1001.19934
1666845908208,1001.18744
1666845908229,1001.19867
1666845908248,1001.19464
1666845908268,1001.20294
1666845908291,1001.2172
1666845908308,1001.19745
1666845908329,1001.20996
1666845908351,1001.1709
1666845908368,1001.225
1666845908388,1001.194
1666845908408,1001.217
1666845908428,1001.20294
1666845908450,1001.21387
1666845908468,1001.21606
1666845908488,1001.2257
1666845908509,1001.217
1666845908531,1001.1798
1666845908548,1001.2153
1666845908569,1001.2095
1666845908588,1001.1821
1666845908611,1001.2312
1666845908629,1001.2153
1666845908648,1001.1926
1666845908669,1001.2189
1666845908689,1001.2376
1666845908708,1001.20685
1666845908729,1001.20325
1666845908748,1001.22833
1666845908769,1001.20294
1666845908788,1001.1792
1666845908809,1001.18555
1666845908829,1001.20416
1666845908849,1001.2048
1666845908869,1001.1854
1666845908888,1001.2248
1666845908909,1001.2148
1666845908932,1001.2254
1666845908948,1001.2027
1666845908970,1001.19885
1666845908988,1001.20276
1666845909009,1001.1973
1666845909031,1001.19135
1666845909048,1001.20886
1666845909068,1001.2245
1666845909088,1001.21045
1666845909110,1001.20795
1666845909128,1001.1773
1666845909148,1001.2509
1666845909168,1001.214
1666845909189,1001.1998
1666845909208,1001.2084
1666845909228,1001.1998
1666845909248,1001.20715
1666845909268,1001.19604
1666845909288,1001.1826
1666845909311,1001.2421
1666845909332,1001.2396
1666845909349,1001.1749
1666845909368,1001.19916
1666845909389,1001.19696
1666845909408,1001.2301
1666845909429,1001.2042
1666845909449,1001.20325
1666845909468,1001.20667
1666845909489,1001.2312
1666845909512,1001.18304
1666845909528,1001.19653
1666845909548,1001.20715
1666845909570,1001.2174
1666845909588,1001.1774
1666845909610,1001.1895
1666845909628,1001.21606
1666845909648,1001.23303
1666845909668,1001.24774
1666845909688,1001.2323
1666845909710,1001.2234
1666845909728,1001.25464
1666845909748,1001.212
1666845909769,1001.20776
1666845909788,1001.25244
1666845909811,1001.21295
1666845909829,1001.2173
1666845909848,1001.2286
1666845909868,1001.2315
1666845909889,1001.2292
1666845909909,1001.26855
1666845909929,1001.24994
1666845909949,1001.2142
1666845909968,1001.2274
1666845909989,1001.20135
1666845910008,1001.2498
1666845910035,1001.2434
1666845910048,1001.2776
1666845910069,1001.2354
1666845910092,1001.2228
1666845910108,1001.19855
1666845910131,1001.20026
1666845910149,1001.20135
1666845910169,1001.24854
1666845910189,1001.2268
1666845910208,1001.20013
1666845910228,1001.1971
1666845910249,1001.2127
1666845910269,1001.2237
1666845910291,1001.256
1666845910309,1001.2251
1666845910328,1001.2412
1666845910349,1001.18146
1666845910368,1001.1774
1666845910388,1001.2287
1666845910409,1001.1923
1666845910429,1001.1782
1666845910450,1001.18304
1666845910469,1001.20435
1666845910489,1001.212
1666845910509,1001.27045
1666845910529,1001.32056
1666845910549,1001.4106
1666845910568,1001.3026
1666845910588,1001.28357
1666845910609,1001.2262
1666845910628,1001.19354
1666845910649,1001.1679
1666845910670,1001.18713
1666845910688,1001.1803
1666845910710,1001.2254
1666845910728,1001.18097
1666845910748,1001.1497
1666845910771,1001.1806
1666845910789,1001.2451
1666845910810,1001.235
1666845910828,1001.20465
1666845910850,1001.18964
1666845910871,1001.1773
1666845910889,1001.23627
1666845910909,1001.2272
1666845910928,1001.2278
1666845910948,1001.227
1666845910973,1001.2328
1666845910989,1001.2176
1666845911009,1001.1937
1666845911029,1001.2044
1666845911051,1001.1937
1666845911068,1001.20056
1666845911088,1001.18097
1666845911109,1001.22
1666845911128,1001.2062
1666845911151,1001.1974
1666845911168,1001.4748
1666845911189,1002.0442
1666845911207,1001.83435
1666845911228,1001.1471
