1687344950876,-0.3051272,0.19318613,0.267559
1687344950915,-0.32604933,0.16050485,0.10170906
1687344950919,0.044898596,0.06261369,0.107359566
1687344950957,0.19272798,-0.0154243475,0.041996986
1687344950959,0.19990565,-0.059253927,-0.0106901415
1687344950998,0.11377365,-0.07941248,-0.042760566
1687344951043,0.0036651916,-0.10598512,-0.09239337
1687344951077,-0.059101213,-0.12110403,-0.13744467
1687344951117,-0.06765333,-0.1788308,-0.28985557
1687344951158,-0.62980205,-0.23900102,-0.94806284
1687344951199,-0.8385653,-0.767094,-1.1820242
1687344951239,-1.5215126,-1.3301591,-1.4404203
1687344951279,-2.8919888,-1.8819231,-1.9604193
1687344951320,-4.995198,-2.1009183,-2.6648996
1687344951361,-6.5643578,-2.019826,-3.393662
1687344951401,-7.222107,-1.7290541,-4.2855253
1687344951441,-3.752545,-1.0581713,-4.5614834
1687344951482,1.0147998,-1.6788104,-3.3976326
1687344951523,-0.61850107,-1.4908166,-2.0421226
1687344951563,-4.3753223,-0.91797775,-1.50731
1687344951604,-5.3849297,-0.42439863,-1.6215417
1687344951644,-4.3380594,-0.15882497,-1.8228219
1687344951685,-2.6222918,-0.12568553,-1.8493946
1687344951725,-0.42119157,-0.21151209,-1.4785993
1687344951766,1.9046779,-0.49037206,-0.7492262
1687344951806,2.0124955,-0.37965274,0.042913284
1687344951846,0.364992,-0.07788532,0.56046885
1687344951887,-0.65209866,0.14676037,0.690125
1687344951927,0.44043383,0.1591304,0.44776422
1687344951968,1.3602442,0.11804971,0.18921551
1687344952008,1.131017,0.028710667,0.015118915
1687344952049,-0.055283304,0.11224649,0.030390546
1687344952090,0.36071593,0.04184427,0.07162395
1687344952130,1.2194397,-0.15332718,-0.07269296
1687344952171,0.6386596,-0.05681047,-0.17119499
1687344952212,-0.40485093,0.06704246,-0.19349156
1687344952253,-0.9842566,0.1498147,-0.06658431
1687344952294,-0.70386946,0.14309518,0.129198
1687344952336,-0.5354234,0.101556346,0.23044892
1687344952375,-0.8164214,0.06734789,0.22128594
1687344952416,-1.1284208,0.056352317,0.12705997
1687344952455,-0.82879144,-0.022907447,0.02321288
1687344952495,-0.44409904,-0.09086621,-0.0571159
1687344952535,-0.33001995,-0.09712757,-0.13622294
1687344952575,-0.14156802,-0.014813482,-0.1788308
1687344952616,-0.9213375,0.10751228,-0.13500121
1687344952657,-1.6618589,0.18600847,-0.03481932
1687344952697,-1.3074044,0.13255776,0.04444045
1687344952738,-0.5871942,0.045662176,0.080634214
1687344952780,-0.11285736,-0.08323039,0.15699236
1687344952820,0.19715676,-0.054519724,0.2490803
1687344952862,-7.6358154E-4,-0.025809057,0.21120666
1687344952902,-0.54168475,0.05421429,0.07819075
1687344952941,-0.6768387,0.06001751,-0.055283304
1687344952982,-0.4642576,0.046578474,-0.12675454
1687344953029,-0.09254608,0.025198191,-0.14523321
1687344953063,0.033444874,0.019547688,-0.121256754
1687344953104,-0.0050396384,0.03573562,-0.06093381
1687344953145,-0.05955936,0.056505036,0.0013744468
1687344953185,-0.06795876,0.04718934,0.047800206
1687344953225,-0.01985312,0.023823744,0.05971208
1687344953266,0.020616703,0.005192355,0.04520403
1687344953308,0.00580322,-0.0021380284,0.012675454
1687344953348,-0.01160644,-0.018784106,-0.017256944
1687344953387,0.03726278,-0.033292156,-0.012370021
1687344953428,-0.018020526,-0.0071776668,0.012064588
1687344953469,-0.042913284,-0.019089539,0.010842858
1687344953510,-0.09972375,-0.020158553,-0.0071776668
1687344953550,-0.08628472,-0.007330383,-0.013133603
1687344953591,-0.047800206,-0.002443461,-0.0047342055
1687344953631,0.0364992,-0.011453724,0.0038179078
1687344953673,0.020463986,0.0053450707,0.012980887
1687344953711,0.028710667,-0.009773844,0.021838432
1687344953753,-0.0061086523,-0.014966198,0.011759156
1687344953793,-0.028863383,-0.01695151,0.0032070426
1687344953834,-0.029626964,-0.007330383,0.016798794
1687344953874,-0.021533,-0.0036651916,0.016646078
1687344953914,-0.03283401,-0.0154243475,-0.0030543262
1687344953955,-0.02367103,-0.0125227375,-0.0154243475
1687344953996,-0.025961773,0.0047342055,-0.01282817
1687344954037,-0.02687807,0.0010690142,-0.0035124752
1687344954077,-0.051465396,0.003970624,-0.0067195175
1687344954117,-0.082924955,0.010537425,-0.0106901415
1687344954158,-0.092240654,0.01985312,-0.01450805
1687344954198,-0.082161374,0.02107485,-0.0154243475
1687344954238,-0.04627304,0.021380283,-0.0076358155
1687344954280,-0.0062613687,0.01817324,0.00290161
1687344954319,-0.0041233404,0.0154243475,0.0012217305
1687344954361,-0.036957346,0.02321288,-0.004428773
1687344954401,-0.051465396,0.02977968,-0.011148291
1687344954441,-0.05467244,0.024740042,0.0038179078
1687344954482,0.0038179078,0.008552114,0.0035124752
1687344954523,-0.023518313,0.014049901,-0.0096211275
1687344954563,0.029168816,0.011911872,4.5814895E-4
1687344954603,0.033750303,0.008246681,0.003970624
1687344954642,-0.00870483,0.011759156,-0.0033597588
1687344954682,-0.035430185,0.012064588,-0.009315695
1687344954724,-0.034972034,0.0071776668,-0.01817324
1687344954763,-0.045662176,0.0071776668,-0.012980887
1687344954804,-0.02275473,0.005497787,-0.006414085
1687344954844,-0.009773844,0.01572978,-0.008399397
1687344954885,-0.008399397,0.01450805,-0.008399397
1687344954926,0.0021380284,0.010079277,-0.013439035
1687344954968,-0.010995574,3.0543262E-4,-0.0025961774
1687344955008,0.0018325958,-0.009315695,-0.008093964
1687344955047,-0.012675454,-0.00870483,-0.012675454
1687344955089,-0.00290161,-0.0050396384,-0.006414085
1687344955129,-0.013286319,-3.0543262E-4,-0.011759156
1687344955173,-0.034055736,9.162979E-4,-0.012675454
1687344955212,-0.01863139,-0.004428773,-0.017104227
1687344955252,-0.020922136,-0.009468411,-0.023060163
1687344955293,-0.01985312,-0.007941248,-0.017562376
1687344955333,-0.025198191,-0.00290161,-0.0061086523
1687344955374,-0.028099801,-0.005192355,-0.0033597588
1687344955414,-0.031154128,-0.0016798794,-0.009315695
1687344955454,-0.014660766,6.1086525E-4,-0.0154243475
1687344955496,0.0025961774,0.010231993,-0.020616703
1687344955535,-0.010842858,0.028099801,-0.024129177
1687344955576,-0.0106901415,0.040775254,-0.036957346
1687344955616,-0.05589417,0.03634648,-0.05421429
1687344955657,-0.082924955,0.021380283,-0.062002823
1687344955697,-0.11407909,0.016187929,-0.06734789
1687344955737,-0.13897185,0.011301007,-0.06704246
1687344955778,-0.12812899,-0.012980887,-0.042913284
1687344955819,-0.040927973,-0.038026363,-0.022143865
1687344955859,0.010537425,-0.05589417,0.011148291
1687344955899,0.046578474,-0.060628377,0.03894266
1687344955940,0.11285736,-0.07467828,0.058948494
1687344955981,0.14110987,-0.08384126,0.05497787
1687344956020,0.12385293,-0.07895433,0.04260785
1687344956062,0.12889257,-0.057268616,0.03940081
1687344956103,0.0804815,-0.016646078,0.047036625
1687344956144,0.0106901415,0.03191771,0.05665775
1687344956184,-0.11484267,0.07544186,0.05681047
1687344956224,-0.43478334,0.0983493,0.06612616
1687344956264,-0.70646566,0.081855945,0.10094548
1687344956306,-0.7631234,-3.0543262E-4,0.08811731
1687344956345,-0.8382598,-0.009773844,-0.094989546
1687344956386,-1.1435398,0.10369437,-0.4370741
1687344956427,-1.061073,0.13332134,-0.8313876
1687344956468,-0.4266894,0.16126843,-1.1139128
1687344956508,0.03924809,0.105374254,-0.9085093
1687344956548,-0.19624045,-0.035124753,-0.31612277
1687344956588,-0.6400341,-0.14263703,0.20311269
1687344956629,-0.65118235,-0.09285152,0.3724751
1687344956670,-0.3846924,-0.011148291,0.30879238
1687344956710,-0.3115413,0.034208454,0.12064589
1687344956750,-0.31581733,0.0096211275,-0.063682705
1687344956791,-0.15882497,-0.0777326,-0.14889841
1687344956829,0.054519724,-0.18906279,-0.17821993
1687344956870,0.08903361,-0.22708915,-0.2452624
1687344956910,-0.12705997,-0.16462818,-0.30497447
1687344956951,-0.39675698,-0.09590584,-0.31123585
1687344956994,-0.41340306,-0.096516706,-0.39080104
1687344957032,-0.24587326,-0.07788532,-0.5748242
1687344957073,-0.22036964,-0.10445796,-0.7431176
1687344957113,-0.117744274,-0.22907446,-0.8445212
1687344957155,0.5279403,-0.47601673,-0.77518797
1687344957196,1.1748465,-0.6246097,-0.4783075
1687344957237,1.6430748,-0.6284276,-0.16600263
1687344957277,1.651627,-0.5132795,0.024740042
1687344957318,1.389413,-0.29535335,0.18219055
1687344957358,1.2078333,-0.22724187,0.5320636
1687344957399,1.2802209,-0.30863968,0.59299743
1687344957440,1.4135422,-0.29626966,0.419359
1687344957480,2.2449298,-0.4286747,0.3294091
1687344957521,1.2701416,-0.1572978,0.59803706
1687344957561,-0.75793105,-0.18509217,1.0742066
1687344957602,-1.7595973,-0.47494772,1.2852604
1687344957642,-1.498147,-0.6301075,1.0729848
1687344957682,-0.15317446,-0.65286225,0.6899723
1687344957723,1.270447,-0.5555819,0.32085696
1687344957763,1.3464997,-0.48747048,-0.080634214
1687344957803,0.68325275,-0.36132678,-0.31902438
1687344957845,0.23105977,-0.1067487,-0.44883323
1687344957886,0.13958271,0.10552697,-0.47784933
1687344957926,0.072540246,0.25961772,-0.49281552
1687344957967,-0.047494773,0.3324634,-0.5317582
1687344958007,0.02367103,0.3390302,-0.50228393
1687344958046,-0.1133155,0.376293,-0.29703322
1687344958088,-0.43783766,0.46975538,0.101556346
1687344958128,-0.83031857,0.59559363,0.5299256
1687344958169,-1.5125023,0.6563747,0.9610438
1687344958209,-2.0418172,0.5652031,1.2626585
1687344958250,-2.0619757,0.46074513,1.43141
1687344958290,-1.2626585,0.30451632,1.4333953
1687344958331,-1.2797627,0.0571159,1.3904821
1687344958371,-1.7232509,0.11789699,1.248914
1687344958412,-2.6019804,0.18921551,1.0172434
1687344958452,-3.9689443,0.18142697,0.7984009
1687344958492,-5.3560667,0.11438452,0.42317688
1687344958534,-4.765818,0.08597928,-0.12644911
1687344958574,-2.5411994,0.24617869,-0.42852196
1687344958615,-1.865277,0.27320948,-0.2695443
1687344958654,-0.9680687,0.42714754,-0.24709499
1687344958696,-1.8538233,0.85154617,-0.22953261
1687344958736,-1.6352862,1.009913,-0.06658431
1687344958776,-1.6209309,0.58169645,-0.024587326
1687344958816,-1.0680978,0.51083606,-0.16081028
1687344958857,0.04596761,0.75441855,-0.24266621
1687344958898,-0.16814066,0.5757405,-0.2744312
1687344958938,-0.49586987,0.26160303,-0.23915374
1687344958979,-0.11575896,0.11804971,-0.13103059
1687344959017,-0.23655757,-0.25503623,-0.015882496
1687344959058,-0.33414328,-0.56245416,0.04795292
1687344959098,-0.474795,-0.77564615,0.114689946
1687344959139,0.31780264,-0.79091775,0.18371773
1687344959179,1.273654,-0.6638578,0.17806722
1687344959220,0.5693264,-0.6423248,0.17486018
1687344959260,0.32742378,-0.552833,0.27580565
1687344959301,0.34223726,-0.8313876,0.4708244
1687344959343,-1.8985692,-0.8177959,0.3827071
1687344959384,-2.7565293,-0.6545421,0.06994407
1687344959424,-2.319608,-0.64568454,0.0047342055
1687344959465,-1.5642731,-0.5852089,-0.041233405
1687344959506,-1.0557278,-0.6927212,-0.0065668016
1687344959546,-0.7509061,-0.6036876,0.2603813
1687344959587,-0.20891592,-0.73929965,0.311694
1687344959627,0.23701571,-0.9275989,0.42332962
1687344959667,-0.00290161,-0.7666359,0.5723807
1687344959709,1.0334313,-0.8872818,0.5328272
1687344959749,2.1018345,-1.007775,0.48517972
1687344959790,0.51893,-0.49235737,0.4363105
1687344959830,-0.069485925,-0.29764408,0.22143865
1687344959870,-0.1779145,-0.22418754,-0.05879578
1687344959910,-0.3155119,-0.10170906,-0.14614952
1687344959952,0.074067414,-0.11010846,-0.22174409
1687344959996,0.18371773,-0.25809056,-0.23426682
1687344960032,-0.16279559,0.47571132,0.082619525
1687344960072,0.68936145,0.6774496,-0.22617286
1687344960114,0.5111415,0.7431176,-0.2753475
1687344960153,-0.06490443,0.63423085,-0.30115658
1687344960194,-0.66950834,0.37812558,0.06887506
1687344960234,-1.0151054,0.17104226,0.36300668
1687344960275,-0.9277516,-0.20143281,0.15424347
1687344960316,-0.03191771,-0.50747633,0.15195273
1687344960356,-0.03390302,-0.73456544,0.17104226
1687344960396,0.17211129,-1.0848967,-0.04627304
1687344960437,-0.68523806,-1.4601207,0.031154128
1687344960479,-1.3654366,-2.0280726,0.0061086523
1687344960518,-1.7971655,-2.3559546,-0.01038471
1687344960558,-1.3101532,-2.7808113,-0.3417791
1687344960599,-1.0177015,-2.7398834,-0.5021312
1687344960641,-0.9460775,-2.6230555,-0.81122905
1687344960679,-0.8371908,-2.0992384,-0.5555819
1687344960720,-0.24465153,-1.6658295,-0.37308595
1687344960761,-0.66599584,-1.3429873,-0.41462478
1687344960802,0.024129177,-0.9114109,-0.09285152
1687344960842,0.20723604,-0.7322747,-0.024129177
1687344960883,0.15882497,-0.4784602,0.01817324
1687344960924,0.3042109,-0.43600506,-0.31597003
1687344960965,0.25518894,-0.5216789,-0.007788532
1687344961004,0.25411993,-0.15897769,-0.31047225
1687344961044,0.005955936,-0.04046982,0.007483099
1687344961084,0.0036651916,-0.1301143,-0.03283401
1687344961125,-0.11209377,-0.08277224,0.16539176
1687344961166,-0.01450805,-0.1385137,-0.029474247
1687344961205,-0.030848695,-0.1282817,0.035888333
1687344961246,0.06505715,-0.09697486,0.071776666
1687344961286,0.015882496,-0.1328632,0.050701816
1687344961327,0.032070424,-0.062308256,0.061850104
1687344961368,-0.05513059,-0.105374254,-0.039095376
1687344961408,0.012064588,-0.030390546,0.04718934
1687344961448,-0.0795652,-0.1337795,0.017715093
1687344961489,-0.049938235,-0.11148291,0.05589417
1687344961530,-0.048258353,-0.2724459,-0.21762075
1687344961571,-0.14782938,-0.2302962,-0.13881913
1687344961611,-0.00992656,-0.22021692,0.062308256
1687344961653,-0.14523321,-0.22357668,0.13912456
1687344961693,-0.04642576,-0.32482758,0.081397794
1687344961733,-0.182496,-0.35720345,-0.046120327
1687344961774,-0.03924809,-0.33475417,0.0355829
1687344961814,-0.014049901,-0.3352123,-0.060628377
1687344961855,0.08979719,-0.27259862,0.18112154
1687344961896,0.10445796,-0.47586402,-0.058337633
1687344961936,0.13332134,-0.39675698,0.07269296
1687344961977,0.27046058,-0.8222246,-0.18967366
1687344962017,-0.29229903,-1.357648,-0.04886922
1687344962057,-1.8238909,-0.48197266,0.14065172
1687344962098,-0.015882496,0.38866302,-0.007941248
1687344962139,0.027030786,0.82787514,0.12889257
1687344962179,0.12003502,0.7874053,-0.23945917
1687344962220,0.33536503,0.91553426,-0.2574797
1687344962260,0.41493022,0.8368854,-0.5563455
1687344962300,0.6001751,0.8900307,-0.46639562
1687344962341,0.48365256,0.9127854,-0.6038403
1687344962382,0.28130344,0.84391034,-0.48288897
1687344962421,0.32574388,0.52183163,-0.31764993
1687344962464,-0.052839845,0.0421497,-0.12843442
1687344962503,0.17608191,-0.20937407,-0.045662176
1687344962544,0.113162786,-0.2237294,-0.019089539
1687344962584,0.2509129,-0.344528,-0.08368854
1687344962625,0.26648995,-0.40775254,-0.15332718
1687344962665,1.0677924,-0.29000828,-0.52839845
1687344962706,2.3167064,0.30589077,-0.87766063
1687344962746,3.3501377,1.4118623,-1.5517504
1687344962787,1.8747455,1.381319,-1.6696475
1687344962827,0.5549711,1.7886134,-1.4364496
1687344962868,2.080607,1.7412714,-1.5349517
1687344962910,2.3845124,1.914299,-1.9445368
1687344962952,2.4610233,2.3770294,-2.7053695
1687344962990,2.9668198,3.107166,-3.37106
1687344963029,4.4136543,3.9739838,-4.1454844
1687344963070,6.4751716,4.14243,-5.426469
1687344963110,4.400215,3.0489812,-7.2987704
1687344963152,1.423316,3.1341968,-7.069238
1687344963193,-0.10888673,3.1117475,-3.9854376
1687344963234,-1.72264,1.2733486,-0.838718
1687344963273,-1.1931726,0.39935315,0.61651576
1687344963315,-1.7647897,0.084910266,1.5125023
1687344963353,-1.3942999,-0.004428773,1.6148223
1687344963393,-0.44348818,0.1788308,1.2980887
1687344963433,0.39553526,0.16982053,1.1453724
1687344963474,0.09483683,-0.018784106,0.9625709
1687344963514,-0.6600399,-0.5164866,0.9078985
1687344963555,-0.32238412,-0.9370673,0.76923203
1687344963596,1.1388055,-0.9680687,0.52763486
1687344963636,2.0719023,-0.77824235,0.25457808
1687344963678,2.0100522,-0.58093286,-0.024740042
1687344963719,1.3286319,-0.37751472,-0.24602598
1687344963759,0.39187005,-0.2759584,-0.376293
1687344963798,0.16187929,-0.36071593,-0.47357327
1687344963838,0.5045747,-0.41447207,-0.6704246
1687344963880,0.72616607,-0.36942077,-0.7458665
1687344963920,0.6035349,-0.32482758,-0.6401868
1687344963962,0.65102965,-0.25809056,-0.34406984
1687344964002,0.61315596,-0.072540246,0.055283304
1687344964044,0.15699236,0.12568553,0.4925101
1687344964084,-0.2554944,0.14905111,0.7350236
1687344964125,-0.52641314,0.21899518,0.68371093
1687344964165,-0.46502116,0.15515977,0.47647488
1687344964206,-0.11407909,0.07880162,0.2826779
1687344964246,0.33750305,-0.036957346,0.20830505
1687344964286,0.3717115,-0.06612616,0.1366811
1687344964326,0.22250767,-0.07162395,0.10629055
1687344964367,0.13607024,-0.07070765,0.118202426
1687344964408,0.13607024,-0.081397794,0.1469131
1687344964449,0.086132,-0.088422745,0.16187929
1687344964489,0.10094548,-0.09819659,0.13530666
1687344964529,0.10705414,-0.064751714,0.07086037
1687344964571,0.08109236,-0.02443461,0.04718934
1687344964611,-0.037110064,6.1086525E-4,0.052381694
1687344964651,-0.09865474,-0.00290161,0.029168816
1687344964691,-0.038789943,-0.018478673,-0.01572978
1687344964733,0.0759,-0.06612616,-0.04184427
1687344964774,0.12492194,-0.02367103,-0.02565634
1687344964813,-0.06169739,0.025503624,-0.0
1687344964854,-0.10980303,0.028252518,0.004276057
1687344964894,-0.07895433,0.034972034,-0.019394971
1687344964935,-0.035430185,0.034208454,-0.07192938
1687344964976,-0.031612277,0.029168816,-0.106901415
1687344965018,-0.029474247,0.01282817,-0.09132435
1687344965055,-0.038026363,-0.005955936,-0.043829583
1687344965096,0.02076942,-0.0346666,-0.028099801
1687344965137,0.052381694,-0.035124753,-0.02397646
1687344965178,-0.0693332,0.006872234,-0.030695979
1687344965217,-0.07070765,0.0096211275,-0.032528576
1687344965258,0.06261369,-0.029168816,0.013286319
1687344965300,0.111941054,-0.03390302,0.070249505
1687344965340,0.08246681,-0.007941248,0.107359566
1687344965380,0.025961773,0.010079277,0.12217305
1687344965420,0.018478673,0.02397646,0.11652254
1687344965463,0.02687807,0.03176499,0.095294975
1687344965502,0.005955936,0.032070424,0.0664316
1687344965540,-0.003970624,0.036193766,0.02397646
1687344965581,-0.025503624,0.0364992,-0.020616703
1687344965621,-0.04550946,0.022602014,-0.060170226
1687344965662,-0.020005837,0.007330383,-0.0917825
1687344965702,-0.013897184,-0.0025961774,-0.1133155
1687344965743,-0.015577064,-0.012064588,-0.1207986
1687344965783,-0.0010690142,-0.01786781,-0.101098195
1687344965826,-0.01038471,-0.022449298,-0.08155051
1687344965866,-0.0154243475,-0.030695979,-0.051618114
1687344965907,-0.0021380284,-0.039095376,-0.029626964
1687344965947,0.023823744,-0.044135015,-0.0062613687
1687344965988,0.01786781,-0.04062254,0.021227567
1687344966029,0.010537425,-0.030848695,0.044593163
1687344966068,0.0010690142,-0.023823744,0.05681047
1687344966110,0.0033597588,-0.021838432,0.05467244
1687344966150,0.0056505036,-0.01985312,0.04153884
1687344966191,0.013133603,-0.022449298,0.03313944
1687344966231,0.04016439,-0.03176499,0.029474247
1687344966272,-0.0143553335,-0.015118915,0.023365596
1687344966312,-0.024587326,-0.0032070426,0.0070249503
1687344966352,0.009773844,-0.0076358155,-0.007483099
1687344966392,-0.004886922,0.00290161,-0.01786781
1687344966433,-0.014660766,0.012064588,-0.02321288
1687344966474,-0.0036651916,7.6358154E-4,-0.027641652
1687344966515,0.0015271631,-0.0025961774,-0.02367103
1687344966555,-0.030848695,0.004276057,-0.014966198
1687344966595,-0.058490347,0.008399397,4.5814895E-4
1687344966635,-0.029474247,4.5814895E-4,0.007788532
1687344966677,0.0032070426,0.0015271631,3.0543262E-4
1687344966717,-0.014966198,0.010842858,-0.0013744468
1687344966757,0.004428773,0.013133603,-0.010079277
1687344966798,0.009162978,0.019547688,-0.020005837
1687344966839,0.007788532,0.01985312,-0.0290161
1687344966879,0.02321288,0.0143553335,-0.03924809
1687344966920,0.02076942,0.011759156,-0.0355829
1687344966960,0.0062613687,0.0076358155,-0.015882496
1687344967001,0.0067195175,0.0016798794,0.007330383
1687344967040,-0.0013744468,-0.0015271631,0.02321288
1687344967082,0.0022907446,-0.0070249503,0.033444874
1687344967122,0.033292156,0.0027488936,0.03145956
1687344967164,0.01450805,0.005955936,0.021533
1687344967203,0.008552114,0.006414085,0.035124753
1687344967244,0.011301007,0.015118915,0.030085113
1687344967284,-0.007788532,0.02397646,-7.6358154E-4
1687344967325,-0.012370021,0.020463986,-0.0125227375
1687344967366,0.01450805,0.008857546,-0.02076942
1687344967406,-0.007941248,-0.0013744468,-0.014202617
1687344967446,0.011759156,0.0033597588,-0.0056505036
1687344967488,-0.010995574,-0.0035124752,-0.0106901415
1687344967528,-0.012064588,-0.0070249503,-0.013133603
1687344967568,-0.009010263,0.0035124752,-0.012370021
1687344967609,-0.009162978,0.00290161,-0.013897184
1687344967648,-0.0021380284,0.00580322,-0.010995574
1687344967687,-0.01695151,0.00870483,-0.0013744468
1687344967728,-0.034055736,0.011301007,0.0021380284
1687344967769,-0.03726278,0.009010263,0.014049901
1687344967809,-0.013439035,0.010231993,0.013439035
1687344967850,-0.0096211275,0.00992656,0.0061086523
1687344967890,0.02565634,0.0035124752,0.0016798794
1687344967930,0.03924809,0.002443461,6.1086525E-4
1687344967971,0.0022907446,9.162979E-4,0.010842858
1687344968012,0.013286319,-0.008857546,0.019242255
1687344968053,0.018020526,-0.01817324,0.0143553335
1687344968095,0.036651913,-0.020922136,-9.162979E-4
1687344968136,0.03176499,-0.02076942,-0.0018325958
1687344968176,0.027641652,-0.015118915,0.0050396384
1687344968216,0.037110064,-0.009468411,-0.0027488936
1687344968257,0.049480084,-0.0018325958,-0.022449298
1687344968298,0.04734206,-0.008857546,-0.02733622
1687344968337,0.05665775,-0.01572978,-0.021380283
1687344968378,0.08750644,-0.007788532,-0.012370021
1687344968417,0.076052725,0.033292156,-0.026419923
1687344968459,0.025045475,0.054825157,-0.028863383
1687344968500,0.052839845,0.0027488936,0.006414085
1687344968541,0.14844026,-0.02367103,0.078343466
1687344968581,0.010842858,0.043676864,0.10399981
1687344968622,-0.09682214,0.0759,0.09117164
1687344968662,-0.08460484,0.06337727,0.075289145
1687344968703,-0.113926366,0.05665775,0.05971208
1687344968744,-0.13118331,0.04505131,0.022143865
1687344968783,-0.082619525,0.01863139,-0.039553523
1687344968824,-0.012370021,-0.013286319,-0.11728613
1687344968864,0.06383542,-0.066737026,-0.160963
1687344968905,0.26282477,-0.1638646,-0.13607024
1687344968945,0.8556695,-0.19318613,0.06688975
1687344968986,1.0349585,0.1965459,0.6713409
1687344969028,0.1330159,0.5510005,1.5717562
1687344969067,-0.48899764,0.5564982,2.628706
1687344969108,-0.590554,0.44608435,3.4385605
1687344969148,-0.07803804,0.24984388,3.794542
1687344969189,0.012675454,0.16264287,3.7953057
1687344969229,0.30848694,-0.050549097,3.5025487
1687344969270,0.86574876,-0.11942416,3.1025846
1687344969311,1.2227995,-0.2770274,2.587167
1687344969351,1.0264063,-0.36560285,2.115121
1687344969391,-0.9633345,0.07452556,1.6074919
1687344969432,-2.1558962,0.22052236,1.1519392
1687344969471,-1.5890132,0.14095716,0.6979135
1687344969514,-1.4236214,-0.06627888,0.3297145
1687344969554,-1.4239268,-0.2078469,0.16172658
1687344969593,-0.28878653,-0.33826664,-0.080634214
1687344969635,1.9876028,-0.66156703,0.06856962
1687344969675,-0.118966006,-0.3043636,0.08781188
1687344969715,-0.20738874,0.083383106,-0.009315695
1687344969756,-0.915687,0.041691553,0.28298333
1687344969797,-0.6986771,0.15103643,0.44593164
1687344969837,-0.7451029,-0.0018325958,0.23671028
1687344969875,-0.23518312,-0.40042216,0.042760566
1687344969916,0.44211373,-0.41508293,0.054825157
1687344969957,0.14080444,-0.2666427,0.22922719
1687344969997,-0.34956762,0.04642576,0.43111816
1687344970038,0.6627888,-0.30772337,0.77198094
1687344970079,0.30650163,-0.63255095,0.9127854
1687344970118,0.1731803,-0.72494435,0.77488256
1687344970159,0.8000808,-0.3998113,-0.23793201
1687344970201,0.10140363,-1.1221595,-4.628373
1687344970242,0.699288,-0.08689558,-5.265964
1687344970283,0.23411411,-0.36774087,-4.171446
1687344970323,0.19792034,0.57894754,-3.6117408
1687344970364,0.7284568,0.34513888,-2.6094637
1687344970404,-1.1690434,0.06811147,-1.201572
1687344970445,-1.5187637,-0.020463986,0.11209377
1687344970485,0.7867944,-0.80970186,0.86452705
1687344970527,0.19211712,-0.88422745,1.1667526
1687344970567,0.08659015,-1.0004445,1.1221595
1687344970606,1.9595029,-1.1957687,0.805884
1687344970647,2.1949916,-0.68554354,0.9034697
1687344970687,2.0804543,-0.020616703,1.1464413
1687344970728,1.744173,0.13026701,1.1252137
1687344970769,0.7643451,0.07849618,0.85139346
1687344970809,0.03970624,0.066737026,0.5038111
1687344970850,-0.35918877,0.20280726,0.053603426
1687344970891,-0.36651915,0.26160303,-0.38545597
1687344970930,0.25381452,0.17837265,-0.81245077
1687344970971,-0.19120082,0.22495113,-1.3107641
1687344971012,-1.1727085,0.37888917,-1.724778
1687344971051,-1.4789047,0.51007247,-1.8645134
1687344971093,-1.1560625,0.474795,-1.9394971
1687344971133,-1.1609493,0.44715336,-1.936901
1687344971175,-1.4127786,0.41890085,-1.8715384
1687344971214,-1.462106,0.3827071,-1.8538233
1687344971256,-1.2658654,0.33169982,-1.8403842
1687344971297,-1.0855075,0.24785857,-1.6820174
1687344971336,-1.0073168,0.057726767,-1.5583172
1687344971377,-0.6907359,-0.07376198,-1.6038266
1687344971418,-0.24022275,-0.15592335,-1.5746579
1687344971458,0.09972375,-0.18112154,-1.3614659
1687344971498,-0.018020526,-0.16737708,-1.0505356
1687344971540,-0.38591412,-0.0729984,-0.6785186
1687344971579,-0.535118,-0.025045475,-0.23472497
1687344971619,-0.57543504,0.051465396,0.1459968
1687344971660,-0.93660915,0.2921463,0.3287982
1687344971701,-1.1528554,0.33536503,0.4083634
1687344971741,-1.0319041,0.23350324,0.44043383
1687344971782,-0.6556111,0.12599096,0.3848451
1687344971823,-0.28008172,0.056505036,0.26083946
1687344971863,0.035888333,0.015118915,0.13500121
1687344971904,0.0021380284,0.09712757,0.032986723
1687344971943,-0.07727446,0.13897185,-0.03756821
1687344971983,-0.019089539,0.14477506,-0.109650314
1687344972024,0.012064588,0.15057829,-0.16798794
1687344972063,0.022296581,0.1386664,-0.25595254
1687344972104,0.19272798,0.09407325,-0.32742378
1687344972144,0.28237244,0.03772093,-0.36545014
1687344972184,0.3005457,-0.014660766,-0.34788775
1687344972226,0.27916542,-0.034055736,-0.35613444
1687344972266,0.32574388,-0.061391957,-0.34972036
1687344972306,0.38148534,-0.09865474,-0.27214047
1687344972348,0.43692136,-0.13469578,-0.19883664
1687344972389,0.34101552,-0.08979719,-0.13332134
1687344972430,0.20372356,-0.026419923,-0.09193522
1687344972470,0.09590584,0.0720821,-0.040775254
1687344972511,0.08659015,0.17348573,0.07360926
1687344972553,0.0061086523,0.29626966,0.29031372
1687344972592,-0.5183192,0.6087272,0.4841107
1687344972632,-1.1337659,0.70952,0.5290093
1687344972672,-1.244027,0.53893584,0.5335908
1687344972712,-0.54244834,0.19960022,0.5684101
1687344972753,0.46715918,-0.0016798794,0.5719226
1687344972794,0.8200866,0.05177083,0.5319109
1687344972834,0.41783184,0.15302174,0.3923282
1687344972876,0.09208794,0.14080444,0.25671613
1687344972916,0.18707748,0.086437434,0.14737125
1687344972956,0.19272798,0.06612616,0.016798794
1687344972997,0.13209961,0.02611449,-0.07819075
1687344973037,0.12965615,-0.017715093,-0.10552697
1687344973079,0.17959438,-0.049785517,-0.07284568
1687344973118,0.1328632,-0.028710667,-0.043829583
1687344973159,0.052381694,-0.024892759,-0.03772093
1687344973200,0.0888809,-0.033750303,-0.049632803
1687344973240,0.04841107,-0.027794369,-0.08582657
1687344973281,0.03176499,-0.021533,-0.1207986
1687344973321,0.00870483,-0.002443461,-0.14752395
1687344973362,-0.008552114,0.018936822,-0.15561792
1687344973403,0.019394971,0.035888333,-0.11301007
1687344973443,-0.009773844,0.048716504,-0.014049901
1687344973483,-0.0033597588,0.043982297,0.12782355
1687344973523,0.6621779,-0.02855795,0.44073927
1687344973564,2.538298,-0.13775012,0.98807454
1687344973605,4.974428,-0.038789943,1.9344575
1687344973645,6.500828,0.29642236,2.7371345
1687344973687,5.870262,0.79305583,3.2620203
1687344973726,5.443573,1.2834278,3.34464
1687344973767,4.640896,1.4840971,3.1392365
1687345000424,-0.03313944,-0.005955936,0.06872234
1687345000466,0.010537425,-0.007788532,0.08017606
1687345000466,0.01863139,-0.014966198,0.084910266
1687345000507,-0.03191771,-0.019394971,0.07009678
1687345000507,-0.09117164,-0.013286319,0.03863723
1687345000546,-0.14172074,-0.012980887,-0.02565634
1687345000586,-0.1656972,-0.030543262,-0.09911288
1687345000627,-0.17867808,-0.065973446,-0.21548271
1687345000668,-0.89965177,-0.10277808,-0.7133379
1687345000709,-2.9297097,-0.043982297,-0.8029824
1687345000750,-4.233754,-0.20112738,-1.2151637
1687345000790,-4.6818237,-0.4718934,-1.5184582
1687345000830,-5.2251887,-0.7664832,-1.9434677
1687345000869,-6.729139,-0.82894415,-2.473088
1687345000910,-10.408228,-0.22770002,-3.2330043
1687345000950,-12.937057,1.575116,-3.2102497
1687345000991,-6.4796004,2.5105035,-3.1119003
1687345001036,2.5062275,2.1450534,-3.6723692
1687345001072,-0.47723848,1.2370021,-3.825849
1687345001113,-8.102975,1.7470746,-3.0245466
1687345001155,-4.842176,2.054798,-0.9486737
1687345001195,1.7383698,1.4095715,-0.88239485
1687345001235,1.6563611,0.8042041,-0.5181664
1687345001277,0.945314,0.49480084,-0.12751812
1687345001316,-0.07895433,0.34345898,0.22052236
1687345001357,0.9925033,0.11285736,0.27687466
1687345001398,1.8322903,-0.09392053,0.32788193
1687345001438,0.5015204,0.03970624,0.35185838
1687345001479,1.1754575,-0.058490347,0.33185256
1687345001520,0.07971791,-0.0852157,0.3109304
1687345001561,-0.065973446,-0.2519819,0.3294091
1687345001600,0.45204028,-0.34330627,0.31566462
1687345001641,1.0708468,-0.36819902,0.27214047
1687345001681,1.3199271,-0.32330042,0.21563543
1687345001725,0.8894198,-0.25167647,0.17745635
1687345001762,0.5477934,-0.14966199,0.17837265
1687345001802,0.35521814,-0.064751714,0.13545936
1687345001844,0.061239243,0.049021937,0.060170226
1687345001885,-0.21013765,0.087201014,-0.01863139
1687345001924,-0.053297993,0.0777326,-0.053603426
1687345001965,0.12018774,0.112399206,-0.13652839
1687345002005,0.14492778,0.11759156,-0.23365596
1687345002045,0.055436023,0.13271047,-0.28817567
1687345002087,0.0720821,0.10186178,-0.30909783
1687345002127,0.02611449,0.08735373,-0.2773328
1687345002166,-0.12461651,0.08475755,-0.23930646
1687345002207,-0.047036625,0.022907447,-0.160963
1687345002249,0.003970624,-0.0010690142,-0.09697486
1687345002289,0.1020145,-0.059101213,-0.02443461
1687345002329,0.15286903,-0.065209866,0.03191771
1687345002370,0.112399206,-0.060628377,0.061850104
1687345002411,0.13744467,-0.06414085,0.106595986
1687345002452,0.1693624,-0.043982297,0.12660182
1687345002492,0.1518,-0.038179077,0.14263703
1687345002531,0.14126259,-0.023518313,0.15668693
1687345002574,0.06856962,0.004581489,0.15012014
1687345002614,0.027947085,0.009773844,0.116675265
1687345002654,0.046578474,0.004428773,0.07192938
1687345002695,0.014049901,0.007941248,0.02565634
1687345002737,0.0061086523,-0.0033597588,-0.015882496
1687345002776,0.051618114,-0.019547688,-0.047647487
1687345002816,-0.007330383,-0.01160644,-0.06688975
1687345002857,-0.04505131,-0.01786781,-0.07147124
1687345002897,0.0070249503,-0.03191771,-0.0888809
1687345002938,-0.018020526,-0.021685716,-0.11148291
1687345002978,-0.007788532,-0.01572978,-0.102319926
1687345003017,0.050396383,-0.027030786,-0.06352998
1687345003059,-0.026419923,-0.004886922,-0.03191771
1687345003100,0.008857546,0.010995574,-0.012675454
1687345003138,-0.020158553,0.025503624,-0.018478673
1687345003179,-0.02321288,0.0290161,-0.01282817
1687345003220,-0.017104227,0.053603426,-0.0021380284
1687345003260,-0.024129177,0.046883907,0.0032070426
1687345003301,0.04505131,0.028099801,0.026572637
1687345003340,0.03481932,0.024129177,0.06887506
1687345003382,0.021227567,0.016187929,0.10308351
1687345003423,-0.0021380284,0.005192355,0.124311075
1687345003464,-0.009773844,-0.0053450707,0.12858713
1687345003505,0.02977968,-0.021991149,0.10186178
1687345003545,0.0070249503,-0.018325957,0.05299256
1687345003587,0.027794369,-0.022602014,0.010842858
1687345003626,0.066737026,-0.024740042,-0.025350908
1687345003668,0.03573562,-0.013744468,-0.06093381
1687345003708,0.033750303,-6.1086525E-4,-0.092240654
1687345003748,0.030848695,-0.0015271631,-0.110413894
1687345003788,0.033444874,-0.0013744468,-0.10842858
1687345003829,0.03359759,0.008246681,-0.09514226
1687345003870,-0.0018325958,0.022602014,-0.070249505
1687345003910,-7.6358154E-4,0.027794369,-0.025503624
1687345003951,-3.0543262E-4,0.022296581,0.019394971
1687345003991,0.001985312,0.018784106,0.035124753
1687345004030,0.0030543262,0.01038471,0.04184427
1687345004072,0.0050396384,0.0021380284,0.05177083
1687345004113,0.0067195175,-0.0070249503,0.059864793
1687345004153,0.01817324,-0.015271631,0.054519724
1687345004193,0.0062613687,-0.0154243475,0.03863723
1687345004234,0.024892759,-0.019089539,0.016340645
1687345004274,0.01985312,-0.013133603,-0.009010263
1687345004315,0.017104227,-0.007330383,-0.02397646
1687345004355,0.035888333,-9.162979E-4,-0.035888333
1687345004396,-0.0041233404,0.013133603,-0.03970624
1687345004438,-0.013133603,0.019394971,-0.028863383
1687345004476,-0.057268616,0.041691553,-0.014966198
1687345004517,-0.16325374,0.07422013,0.006872234
1687345004559,-0.09392053,0.057268616,0.0062613687
1687345004599,-0.062308256,0.025503624,-0.012064588
1687345004639,-0.016340645,0.007483099,-0.0032070426
1687345004680,0.03924809,-0.005955936,0.025198191
1687345004721,0.02687807,-0.02107485,0.06246097
1687345004761,0.01695151,-0.01786781,0.07819075
1687345004800,0.007941248,-0.013897184,0.048716504
1687345004841,0.012675454,-0.025809057,-0.008093964
1687345004882,0.022449298,-0.02855795,-0.0720821
1687345004924,0.05467244,-0.034972034,-0.12690726
1687345004964,0.058184914,-0.033292156,-0.15027285
1687345005003,0.066737026,-0.027488936,-0.12935072
1687345005043,0.07971791,-0.02611449,-0.085673854
1687345005084,0.056505036,-0.020616703,-0.046120327
1687345005126,0.08827003,-0.027183503,-0.029321533
1687345005166,0.10247265,-0.028099801,-0.02275473
1687345005207,0.0926988,-0.022602014,-0.010842858
1687345005250,0.11255192,-0.03436117,-0.020005837
1687345005287,0.105068825,-0.04520403,-0.040775254
1687345005326,0.105068825,-0.051465396,-0.06612616
1687345005366,0.10476339,-0.049938235,-0.0759
1687345005408,0.09208794,-0.038179077,-0.0571159
1687345005448,0.08399397,-0.017562376,-0.026572637
1687345005489,0.050549097,0.0050396384,1.5271631E-4
1687345005530,0.027488936,0.0041233404,0.020616703
1687345005569,0.015271631,-0.009468411,0.017104227
1687345005610,-0.004886922,-0.025809057,0.0010690142
1687345005652,0.01282817,-0.052381694,-0.021991149
1687345005693,0.06291912,-0.08475755,-0.044745877
1687345005733,0.1656972,-0.11789699,-0.07192938
1687345005774,0.20051652,-0.1328632,-0.12232576
1687345005814,0.21029036,-0.12415836,-0.15943582
1687345005855,0.19226983,-0.10995574,-0.15790866
1687345005896,0.20677789,-0.114689946,-0.13561209
1687345005936,0.1779145,-0.122020334,-0.09254608
1687345005976,0.2947425,-0.17333302,-0.06627888
1687345006021,0.12018774,-0.11377365,-0.029932396
1687345006056,-0.34132096,-0.15882497,0.20234911
1687345006099,-0.23747386,-0.3736968,0.3837761
1687345006139,0.08384126,-0.547488,0.31856623
1687345006178,0.5479461,-0.7228063,0.21594086
1687345006219,0.6042985,-0.9091202,0.27030787
1687345006260,0.44883323,-1.0091494,0.37858373
1687345006301,0.31963524,-1.1097895,0.5516113
1687345006340,0.34483343,-1.1366675,0.61361414
1687345006382,0.29749137,-1.1187997,0.6954701
1687345006421,0.19776763,-1.0621419,0.7506007
1687345006461,-0.019547688,-0.96929044,0.77549344
1687345006503,0.07666359,-0.7632761,0.8677341
1687345006545,1.4566082,-0.7478518,0.8190176
1687345006584,1.2904528,-0.57848936,0.7316638
1687345006625,-0.09621128,-0.45937067,0.9211848
1687345006665,1.14018,-0.09743301,0.77579886
1687345006708,0.3727805,-0.020158553,0.71776664
1687345006746,0.39828414,-0.5161811,0.72784597
1687345006786,4.198477,-1.2838861,0.52870387
1687345006826,1.8768835,-1.2556335,0.12965615
1687345006868,1.3825408,-0.7328856,-0.6382015
1687345006907,1.0410671,0.05589417,-0.93279123
1687345006949,-0.9833403,0.72021013,-0.8553641
1687345006990,-1.3330606,0.8416196,-0.63270366
1687345007030,-0.8526152,0.6366743,-0.48731774
1687345007070,-0.73731434,0.636827,-0.3662137
1687345007110,-1.1140655,0.66248333,-0.32803464
1687345007151,-1.1989758,0.550695,-0.2790127
1687345007193,-1.6403259,0.29657507,-0.23014349
1687345007233,-0.8923214,-0.0018325958,-0.19013181
1687345007273,-0.97173387,-0.05589417,0.124769226
1687345007313,-1.6296358,0.2134974,0.6262896
1687345007354,-1.8354974,0.9114109,1.1200215
1687345007394,-3.0708196,1.6032158,1.6084082
1687345007436,-4.11601,2.1351268,2.0306687
1687345007476,-3.532481,1.6540704,1.9084958
1687345007514,-4.327675,0.30482176,1.0910053
1687345007554,-6.351319,0.42394048,-0.28145617
1687345007596,-4.5605674,1.127199,-1.1801916
1687345007635,-0.9069822,1.6358972,-1.6081028
1687345007676,0.14004086,1.2990049,-1.6418531
1687345007716,1.1953106,0.78022766,-1.3381003
1687345007756,0.01450805,0.17302758,-0.54321194
1687345007798,-1.5943583,-0.39935315,-0.016187929
1687345007839,-1.8915442,-0.043676864,0.40744713
1687345007880,-0.42638394,0.5299256,0.3830125
1687345007921,0.2764165,0.5129741,0.053145275
1687345007961,-0.33399057,0.12064589,-0.16355917
1687345008001,-0.25961772,-0.3556763,-0.05681047
1687345008041,-0.4353942,-0.33261612,0.038026363
1687345008082,-0.73548174,-0.3378085,0.11148291
1687345008123,0.08109236,-0.43264532,0.20448714
1687345008164,-0.33353242,-0.039858956,0.053603426
1687345008203,-0.9896017,0.16417004,-0.08536842
1687345008244,-0.4111123,0.21090123,-0.27320948
1687345008287,0.56199604,0.33368513,-0.3182608
1687345008326,0.3587306,0.7600691,-0.34513888
1687345008366,0.29168814,0.5119051,-0.38530326
1687345008408,-0.063682705,0.047036625,-0.022449298
1687345008447,-0.02443461,-0.008246681,0.08597928
1687345008488,-0.2510656,0.071013086,0.020922136
1687345008529,-0.42119157,0.0010690142,-0.048716504
1687345008569,-0.29749137,0.14920384,-0.06414085
1687345008615,-0.41401392,0.035430185,0.010842858
1687345008651,-0.36346483,0.34269542,0.09987647
1687345008691,-1.4993688,0.043676864,0.07742717
1687345008731,-1.582141,-0.5348125,0.19792034
1687345008772,-1.5193746,-0.788627,0.48808134
1687345008812,-1.4443909,-1.0919216,0.70203686
1687345008853,-0.24877487,-1.1571314,0.47662762
1687345008893,0.28023443,-1.019076,0.110413894
1687345008934,0.6388123,-0.8863655,0.061391957
1687345008974,0.41615194,-0.75869465,-0.29978213
1687345009016,0.37888917,-0.5357288,-0.30024028
1687345009056,-0.087201014,-0.537256,-0.31688634
1687345009096,0.1459968,-0.46700647,-0.17119499
1687345009138,-0.1769982,-0.4437936,-0.32910365
1687345009178,-0.32330042,-0.30680707,-0.14248432
1687345009217,-0.28160888,-0.46410486,-0.24694228
1687345009261,-0.028863383,-0.22067507,-0.15042557
1687345009300,-0.48762318,-0.41279218,-0.1956296
1687345009338,-0.27779096,-0.29626966,-0.14172074
1687345009380,-0.17928895,-0.46288314,-0.29550606
1687345009420,-0.4466952,-0.31123585,-0.27488935
1687345009460,-0.2941316,-0.5018258,-0.36392298
1687345009501,0.2687807,-0.3324634,-0.29153544
1687345009541,0.5193882,-0.15882497,-0.03924809
1687345009581,0.9477574,-0.38041633,-0.17058411
1687345009622,1.0618365,-0.6200282,-0.2744312
1687345009662,0.6780604,-0.7867944,-0.06688975
1687345009702,0.1067487,-0.8181013,0.05222898
1687345009742,-0.12690726,-0.7098254,0.28817567
1687345009782,-0.2782491,-0.764956,0.40943244
1687345009823,-0.39553526,-0.95829487,0.30069843
1687345009864,-0.61178154,-0.89659745,0.38759398
1687345009904,-0.22052236,-1.1045971,-0.16447547
1687345009945,0.3846924,-1.018465,-0.110872045
1687345009987,-0.2228131,-0.98746365,-0.17134771
1687345010027,-0.25152376,-1.1252137,-0.33078352
1687345010068,-0.6021604,-1.0821478,-0.23839016
1687345010109,-0.75945824,-0.9266826,-0.2837469
1687345010149,-0.77549344,-0.7912232,-0.05375614
1687345010190,-0.081397794,-0.870483,0.1704314
1687345010230,-0.057726767,-1.1960741,0.1947133
1687345010270,0.29031372,-1.2974777,0.31108314
1687345010311,0.61941737,-1.3344351,0.19730948
1687345010351,0.0056505036,-1.1753048,-0.02275473
1687345010392,-0.30940324,-0.7703011,-0.041691553
1687345010432,-0.49861875,-0.70616025,0.112399206
1687345010473,-0.24770586,-0.5386304,0.01863139
1687345010513,-0.2680171,-0.47983465,-0.26923886
1687345010554,-0.44593164,-0.30863968,-0.15027285
1687345010594,-0.14737125,-0.1001819,0.1421789
1687345010635,-0.19379699,-0.17821993,0.2454151
1687345010675,-0.1740966,-0.23945917,-0.03680463
1687345010717,-0.12507465,-0.24358252,0.012217305
1687345010756,-0.021838432,-0.31673363,-0.0062613687
1687345010797,-0.111941054,-0.38591412,0.053450707
1687345010838,-0.071776666,-0.46303585,-0.009468411
1687345010878,-0.0804815,-0.46395215,0.08552113
1687345010919,-0.09911288,-0.48792863,-0.012675454
1687345010959,-0.09117164,-0.44868052,0.010995574
1687345011000,-0.14905111,-0.5001459,0.049632803
1687345011039,-0.08964448,-0.45982882,0.027030786
1687345011080,-0.13607024,-0.50228393,0.025809057
1687345011121,-0.091477074,-0.47418416,-0.051618114
1687345011162,-0.090713486,-0.47891834,-0.020463986
1687345011201,-0.106595986,-0.39645153,-0.038331795
1687345011243,-0.23884831,-0.36682457,7.6358154E-4
1687345011283,-0.11759156,-0.4071417,-0.051618114
1687345011325,-0.4195117,-0.59559363,-0.04138612
1687345011364,-0.7724391,-1.233795,0.16325374
1687345011404,-0.8651379,-1.4052955,-0.08735373
1687345011446,0.8181013,-0.34116822,-0.086132
1687345011486,0.68432176,-0.011911872,0.12705997
1687345011526,0.66782844,-0.13561209,-0.32238412
1687345011567,0.50488013,0.13240504,-0.35720345
1687345011606,0.6931793,0.14569137,-0.19960022
1687345011648,0.18906279,-0.06658431,0.2518292
1687345011689,1.1600331,-0.9419542,0.045662176
1687345011729,-0.7863363,-0.45372015,0.2507602
1687345011771,0.3549127,-0.19501872,-0.3184135
1687345011810,-0.1421789,0.24220806,0.1339322
1687345011851,0.05497787,0.0926988,0.010537425
1687345011889,0.17638734,0.311694,0.06658431
1687345011930,0.16279559,0.21471913,-0.18066339
1687345011970,0.2582433,0.5300783,-0.13942999
1687345012015,0.050701816,0.4100433,-0.032528576
1687345012051,0.047647487,0.5439755,-0.031306844
1687345012092,0.019394971,0.3538437,-0.010079277
1687345012132,-0.061086524,0.302531,-0.0071776668
1687345012175,-0.052381694,0.034513887,-0.044745877
1687345012216,0.06490443,-0.014813482,0.0022907446
1687345012256,0.15012014,0.016340645,0.03283401
1687345012297,0.27275133,0.16737708,0.082619525
1687345012337,0.28206703,0.5532912,0.037110064
1687345012377,0.50518554,1.1739303,-0.12507465
1687345012418,0.32085696,1.7304286,-0.3735441
1687345012459,0.44959682,1.9375118,-0.44241914
1687345012499,0.8425359,1.8779525,-0.41416663
1687345012541,0.9841039,0.8258898,-0.21899518
1687345012580,1.5546521,0.5225952,-0.15118915
1687345012621,1.4176655,1.0861185,-0.23319781
1687345012661,1.5503759,1.2311989,-0.30298916
1687345012702,1.8605428,1.0160216,-0.3831652
1687345012742,1.6276505,0.6122397,-0.22983804
1687345012783,1.1782063,0.12293663,0.014202617
1687345012823,1.9688187,-0.2780964,0.027183503
1687345012863,2.3420575,-0.39752057,-0.226631
1687345012904,3.2097914,-0.3575089,-0.5476407
1687345012945,3.5268304,-0.2855795,-0.9222538
1687345012987,5.091562,-0.1337795,-1.2234104
1687345013027,6.051689,-0.30680707,-1.6678149
1687345013066,4.96328,-0.5748242,-1.8067867
1687345013106,1.9935588,-0.67103547,-1.2904528
1687345013148,-0.7982482,-0.5325218,-0.8126035
1687345013188,0.032528576,-0.23426682,-1.4834863
1687345013229,1.6221527,-0.6985244,-1.8125899
1687345013269,1.0737484,-0.5564982,-3.314402
1687345013310,0.80664754,-0.46792278,-4.351804
1687345013350,0.9877691,-0.72692966,-4.850423
1687345013390,-0.6433938,-0.6748534,-4.691903
1687345013431,-3.2383494,0.10903945,-3.6908479
1687345013471,-3.0931163,0.6919576,-2.566703
1687345013512,-1.5801557,0.72250086,-1.6771306
1687345013553,-0.16752979,0.529162,-0.95646226
1687345013593,0.03756821,0.50594914,-0.2948952
1687345013633,-0.50701815,0.4700608,0.2921463
1687345013674,-1.122923,0.42623124,0.6088799
1687345013714,-1.2608259,0.34376442,0.71853024
1687345013755,-1.028697,0.082619525,0.72326446
1687345013795,0.2958115,-0.27488935,0.72387534
1687345013835,1.5424347,-0.25992316,0.7637343
1687345013876,1.7504344,-0.16218472,0.7912232
1687345013917,1.1293371,-0.04917465,0.7257079
1687345013958,0.36468655,0.056963183,0.57910025
1687345013998,0.12232576,0.06307184,0.4622723
1687345014038,0.26251933,0.019547688,0.3726278
1687345014077,0.2919936,-0.0065668016,0.26908615
1687345014117,0.1742493,-0.020158553,0.13958271
1687345014158,0.09590584,-0.04153884,-0.01817324
1687345014198,0.0936151,-0.05177083,-0.17027868
1687345014239,0.14019357,-0.07269296,-0.23579398
1687345014279,0.18952094,-0.07360926,-0.26435193
1687345014322,0.15332718,-0.054825157,-0.26908615
1687345014363,0.05467244,-0.024892759,-0.23915374
1687345014403,-0.056505036,-0.01160644,-0.19776763
1687345014444,-0.07696902,-0.011148291,-0.15958855
1687345014485,-0.034513887,-0.0062613687,-0.14095716
1687345014525,-0.053145275,0.011148291,-0.12736541
1687345014566,-0.042760566,0.023518313,-0.08857546
1687345014606,-0.049938235,0.026419923,-0.0290161
1687345014647,-0.029474247,0.022907447,0.038789943
1687345014688,0.06780604,0.001985312,0.07895433
1687345014728,0.069027774,-0.005497787,0.098807454
1687345014768,0.0053450707,-0.0070249503,0.100792766
1687345014809,0.22617286,-0.017715093,0.093462385
1687345014849,0.31398472,-0.036193766,0.09865474
1687345014890,0.08155051,-0.025350908,0.08506299
1687345014929,-0.08200866,-0.0038179078,0.055436023
1687345014970,0.01160644,-0.0041233404,0.03481932
1687345015013,0.42470407,-0.02443461,-0.008552114
1687345015051,0.54412824,-0.027488936,-0.042455133
1687345015091,0.3315471,0.017104227,-0.061391957
1687345015133,-0.05665775,0.09010262,-0.04734206
1687345015173,-0.24190263,0.10567969,-0.006414085
1687345015213,-0.2866485,0.084910266,-0.0035124752
1687345015254,-0.07941248,0.045814894,-0.025350908
1687345015294,0.08155051,-0.004428773,-0.068264194
1687345015336,0.021685716,-0.020158553,-0.08246681
1687345015375,0.07620544,0.002443461,-0.068264194
1687345015416,0.014966198,0.026572637,-0.03313944
1687345015457,-0.41279218,0.09483683,0.0041233404
1687345015498,-0.9300423,0.19746219,-0.011301007
1687345015538,-0.7652614,0.18448131,-0.03145956
1687345015578,-0.18035796,0.08552113,-0.037873644
1687345015618,0.24877487,-0.00580322,-0.007788532
1687345015659,0.25350907,-0.019242255,0.031612277
1687345015700,0.12843442,-0.0010690142,0.05024367
1687345015740,-0.09636399,0.045356743,0.049480084
1687345015780,-1.0128145,0.23564127,0.024892759
1687345015822,-1.5738943,0.3462079,-0.029474247
1687345015862,-0.81122905,0.2144137,-0.04444045
1687345015903,0.23060162,0.02565634,-0.048716504
1687345015942,0.6420194,-0.06856962,-0.02107485
1687345015984,0.37384954,-0.056046885,0.0012217305
1687345016026,0.030085113,-0.041233405,0.0015271631
1687345016065,-0.010995574,-0.052687127,-0.0050396384
1687345016105,0.053297993,-0.07315111,-0.013133603
1687345016146,0.019394971,-0.077579886,-0.01863139
1687345016186,0.014049901,-0.064751714,-0.02733622
1687345016224,0.028863383,-0.052534413,-0.028099801
1687345016265,0.05375614,-0.034972034,-0.019089539
1687345016305,0.058948494,-0.017562376,-0.0015271631
1687345016346,0.038789943,0.0030543262,0.00290161
1687345016386,0.020005837,0.022143865,-0.0071776668
1687345016427,0.0022907446,0.029474247,-0.015882496
1687345016468,-0.027488936,0.0355829,-0.028252518
1687345016509,0.0032070426,0.02107485,-0.034513887
1687345016551,0.0012217305,0.02107485,-0.041691553
1687345016591,-0.018784106,0.014660766,-0.034972034
1687345016632,0.012217305,-0.0030543262,-0.027488936
1687345016674,0.025961773,-0.013286319,-0.025198191
1687345016712,0.013897184,-0.009315695,-0.024129177
1687345016754,0.01450805,-0.012370021,-0.013744468
1687345016794,0.055741455,-0.01817324,-9.162979E-4
1687345016835,0.2843578,-0.009773844,0.02443461
1687345016877,1.0143417,-0.057421334,0.035277467
1687345016915,0.7657196,-0.059253927,0.053603426
1687345016955,-0.060170226,0.0041233404,0.047647487
1687345016998,-0.44257188,0.044135015,0.062002823
1687345017037,-0.49754974,0.033292156,0.08811731
1687345017077,-0.313832,0.020463986,0.07849618
1687345017117,-3.0543262E-4,4.5814895E-4,0.048563786
1687345017158,0.035124753,-0.0022907446,0.01740966
1687345017198,-3.0543262E-4,-0.0038179078,-0.0021380284
1687345017241,0.07788532,-0.02076942,-0.012980887
1687345017280,0.081397794,-0.021685716,-0.03772093
1687345017320,0.05085453,-0.010079277,-0.0627664
1687345017360,0.063988134,-0.005497787,-0.06078109
1687345017401,0.042913284,-0.0076358155,-0.054519724
1687345017443,0.039553523,-0.027488936,-0.053297993
1687345017483,0.034055736,-0.009468411,-0.04642576
1687345017523,0.07895433,-0.0035124752,-0.034513887
1687345017564,0.06047566,-0.0033597588,-0.013439035
1687345017604,0.03390302,-0.004581489,0.016035212
1687345017645,0.046120327,-0.008552114,0.042913284
1687345017685,0.046731193,-0.0154243475,0.053297993
1687345017725,0.03680463,-0.029168816,0.07040222
1687345017766,0.07788532,-0.060170226,0.07544186
1687345017806,0.10934488,-0.08231409,0.04795292
1687345017846,0.08093964,-0.07971791,0.020463986
1687345017888,0.09208794,-0.069485925,-0.016187929
1687345017929,0.064446285,-0.057726767,-0.022602014
1687345017968,0.098807454,-0.04917465,-0.010995574
1687345018010,0.12629639,-0.019089539,0.056963183
1687345018050,0.04428773,-0.007483099,0.17012598
1687345018090,0.06856962,0.0010690142,0.24984388
1687345018131,0.23197608,0.007330383,0.39003745
1687345018171,0.923781,-0.081855945,0.48181996
1687345018212,3.211013,0.09483683,0.73731434
1687345018253,4.8314857,0.2640465,1.7831156
1687345018293,4.408767,1.10139,3.1435125
1687345018333,4.455804,1.9335412,3.727958
1687345018372,4.3557744,2.556929,3.9188533
1687345018412,4.1034875,2.7742445,3.2725577
1687345018453,3.4814737,2.4630086,2.4251351
1687345018493,2.6386325,1.7997618,1.3952162
1687345018534,1.4182764,0.94225967,0.39584067
1687345018574,1.2727377,0.054825157,-0.35414913
1687345018614,-0.8770498,-0.4457789,-0.890947
1687345018656,-1.1879802,-0.72356987,-1.2722796
1687345018698,-0.7318166,-0.88254756,-1.0816896
1687345018738,-0.6239988,-0.63132924,-0.5342017
1687345018779,-0.3136793,-0.17302758,-0.10247265
1687345018820,-0.6808093,0.27152961,0.20906863
1687345018860,-1.9417878,0.59330285,0.4437936
1687345018902,-5.6900573,1.2793045,0.7790059
1687345018943,-7.3036575,1.5951219,1.2812898
1687345018981,-8.567996,1.6265814,1.4695891
1687345019024,-7.059006,0.83658,0.9896017
1687345019062,-0.005192355,-0.4352415,0.48487428
1687345019102,-0.69974613,-0.5694791,0.041691553
1687345019144,0.1020145,-0.6356053,0.20586158
1687345019184,0.47510046,-0.7098254,0.3417791
1687345019224,0.12950343,-0.65393126,0.28160888
1687345019267,-0.70341134,-0.4147775,0.28771752
1687345019305,-0.23915374,-0.30008754,0.31810808
1687345019349,-0.28221974,-0.24801129,0.20815234
1687345019387,-0.08903361,-0.2779437,0.22006421
1687345019427,-0.14309518,-0.22067507,0.16462818
1687345019467,0.11056661,-0.25427267,0.112704635
1687345019509,0.10842858,-0.18616119,0.007788532
1687345019548,-0.1908954,-0.13362677,0.038179077
1687345019589,0.14813483,-0.20219639,0.01450805
1687345019630,0.2171626,-0.14187345,0.060322944
1687345019670,0.24098633,-0.11148291,-0.30543262
1687345019711,-0.874759,-0.32070425,-2.8376217
1687345019750,-1.395827,0.7360926,-5.285817
1687345019791,2.2105687,-0.12095132,-2.4636195
1687345019831,-0.3231477,0.1788308,-4.4953575
1687345019874,-0.7866417,0.8197812,-3.7864482
1687345019913,0.7724391,0.38789943,-2.5367706
1687345019954,-0.01695151,-0.018325957,-0.9773844
1687345019994,0.38560867,-0.2843578,-0.33017266
1687345020034,1.2486086,-0.5833763,0.0954477
1687345020074,0.4173737,-0.52626044,0.48579058
1687345020114,-0.9837985,-0.19730948,0.29901853
1687345020154,-0.8341365,-0.2790127,0.27870727
1687345020195,-0.6012441,-0.41691554,0.74021596
1687345020236,-1.2383766,-0.50640726,0.52748215
1687345020278,-1.2466233,-0.4392121,0.4297437
1687345020318,0.13164146,-0.48716503,0.10522154
1687345020359,-1.2996159,-0.23518312,-0.38835758
1687345020399,-0.6444628,-0.124005646,-0.9601275
1687345020442,0.22403483,-0.049021937,-1.4239268
1687345020481,0.06169739,0.13713925,-1.7208074
1687345020521,-0.5215262,0.31673363,-1.5709927
1687345020559,-0.690125,0.42271876,-1.220356
1687345020601,0.087659165,0.47433686,-1.0002918
1687345020640,-0.03390302,0.572228,-0.7125743
1687345020682,-0.23380867,0.63178736,-0.4793765
1687345020722,-0.32818735,0.59880066,-0.19853121
1687345020762,-0.35369098,0.44944412,-0.06582073
1687345020802,-0.43783766,0.26618454,-0.02321288
1687345020844,-0.44089198,0.22495113,-0.1085813
1687345020886,-0.41599923,0.30955598,-0.24953845
1687345020926,-0.48655418,0.48151454,-0.3284928
1687345020968,-0.115453534,0.42623124,-0.35277468
1687345021008,0.31581733,0.30451632,-0.3184135
1687345021046,0.19150625,0.19440787,-0.2759584
1687345021089,-0.049021937,0.1554652,-0.16294831
1687345021128,-0.14401148,0.21242839,-0.07086037
1687345021169,-0.16707164,0.25137106,-0.031001411
1687345021210,-0.29428434,0.27214047,-0.064751714
1687345021250,-0.44333544,0.29458976,-0.12812899
1687345021291,-0.49938235,0.31215215,-0.14385876
1687345021331,-0.20708331,0.3294091,-0.17806722
1687345021372,0.22388211,0.37965274,-0.25992316
1687345021413,0.4531093,0.33765575,-0.30634892
1687345021452,0.50442195,0.28206703,-0.32406402
1687345021493,0.5919284,0.35827246,-0.40439278
1687345021534,0.77534074,0.43493605,-0.49968776
1687345021575,0.68294734,0.36896262,-0.43463063
1687345021615,0.36682457,0.3565926,-0.15867224
1687345021656,-0.73929965,0.45845437,0.102319926
1687345021697,-0.26633725,0.27000242,0.40301836
1687345021736,0.7113526,0.05955936,0.5578727
1687345021777,0.6962337,-0.03359759,0.6052147
1687345021818,0.4810564,-0.10598512,0.57558775
1687345021858,0.42012256,-0.18936823,0.46761733
1687345021899,0.45799622,-0.23533584,0.24480425
1687345021939,0.49327368,-0.12492194,0.03176499
1687345021980,0.3013093,-0.01985312,0.029932396
1687345022032,-0.081397794,0.024892759,0.07971791
1687345022061,-0.14126259,0.031306844,0.0729984
1687345022102,-0.12996158,0.021991149,0.08628472
1687345022142,-0.23808473,-0.01038471,0.13637567
1687345022183,-0.067500606,-0.090713486,0.31795537
1687345022222,1.5140295,-0.13500121,0.47678033
1687345022262,2.363743,0.1695151,0.75411314
1687345022304,1.4993688,0.4437936,0.9970848
1687345022344,-0.15561792,0.7058548,1.1785117
1687345022385,-0.61727935,0.678824,1.2113458
1687345022425,-0.84849185,0.5317582,1.0943651
1687345022465,-1.1213958,0.36346483,0.84604836
1687345022506,-0.6985244,0.17669277,0.52687126
1687345022548,0.6916522,-0.095294975,0.33841935
1687345022587,1.5609134,-0.1518,0.6337727
1687345022626,2.4507914,-0.18829921,1.408808
1687345022667,4.367381,-0.16966783,2.3761132
1687345022707,5.312084,0.09330966,3.077081
1687345022748,6.152482,0.16661349,3.5242343
1687345022788,5.739384,0.5119051,3.3970215
1687345022828,4.0043745,0.88208944,2.9431489
1687345022869,2.8588493,0.97585726,2.4485006
1687345022909,2.1201606,0.8888089,1.9763018
1687345022950,1.513266,0.68325275,1.6427693
1687345022990,1.0931433,0.44516805,1.2745703
1687345023032,0.77213365,0.27885997,1.0633637
1687345023072,0.6404922,0.15668693,0.9253081
1687345023114,0.31108314,0.09254608,1.0447323
1687345023154,0.28115073,-0.09468412,0.5195409
1687345023195,0.16966783,-0.21731532,0.11988231
1687345023235,0.060628377,-0.12370021,0.028863383
1687345023276,0.18295415,-0.070554934,0.13271047
1687345023318,0.01740966,0.0355829,0.051618114
