,x_mean,x_std,x_min,x_25%,x_50%,x_75%,x_max,y_mean,y_std,y_min,y_25%,y_50%,y_75%,y_max,z_mean,z_std,z_min,z_25%,z_50%,z_75%,z_max,answer
0,-0.079014677654,0.1194688563826602,-0.483855,-0.114655795,-0.08705759,-0.04762971375,0.36334014,-0.051207179928000016,0.170902110455826,-0.31672716,-0.122806785,-0.0872786045,-0.02017354975,0.92942095,0.008450956441999995,0.15428792209068884,-0.47905922,-0.04397463825,0.008158922249999999,0.06443572125,0.5335479,2
50,0.027899816259999967,1.022965415290131,-1.4659817,-0.20334476,-0.06836891,0.016537964,6.076038,-0.13897746386800003,1.3298550282944626,-7.932573,-0.277525545,-0.07239079500000001,0.047635198000000004,2.1618593,-0.08279036096999999,1.671451427023722,-3.3258414,-0.2969821675,-0.026373863,0.059003353,10.024923,2
100,-0.037958888998,0.042571078645365745,-0.13732338,-0.06598174375,-0.044325113,-0.014307021875,0.09148598,-0.079823999158,0.049122427656767775,-0.2318716,-0.11175083999999999,-0.080626965,-0.05058813025,0.028600216,-0.0003395939480000018,0.0631686747225133,-0.13306713,-0.0492852935,0.0021500587500000003,0.041563748750000004,0.15008116,2
150,-0.032989902574,0.04501242459887326,-0.09910393,-0.06357539,-0.030913115,-0.01193356525,0.16396332,-0.0758560278868,0.048796207726439264,-0.2779007,-0.09684968050000001,-0.07421660399999999,-0.051433445,0.022645473,0.023108911716999997,0.06666028856958371,-0.079146385,-0.013146281249999999,0.0095210075,0.04389011875,0.296875,2
200,-0.009674834660000017,1.5192165836199263,-4.204319,-0.8371482450000001,-0.0439231395,0.5418996775,2.971075,-0.09799301182,0.432684561619745,-1.1059604,-0.3071148425,-0.123322485,0.09576785674999999,1.2922144,-0.07506912214539999,0.6707851416887594,-1.2386992,-0.705079905,-0.0459706775,0.442441105,1.6475265,2
250,-0.0364601325014,0.1277591477299309,-0.27660704,-0.1299897475,-0.051570892,0.06140374925,0.22495222,-0.028559179676000003,0.19025319790307432,-0.5744095,-0.12363517,-0.0356316575,0.06112182125,0.52473164,0.04403853392999999,0.19726429446982546,-0.40447474,-0.06563353625,0.046128511999999997,0.13623512,0.54663897,2
300,0.18603614344859998,0.5957922901608543,-0.21919727,-0.086247085,0.002701997715,0.08595371225,2.8883557,0.067558869844,0.37767044897610613,-0.83805275,-0.08651399600000001,-0.006557464400000001,0.1080224525,1.5215459,0.1101245171,0.223545993912977,-0.3233099,-0.0126190185,0.055545568000000003,0.14070702,1.0973866,2
350,-0.07463278111999999,0.5267222378992165,-1.1870817,-0.4331439075,-0.08765590000000001,0.29895794,0.90004444,0.036435509432,0.507092727500029,-0.9314108,-0.396358015,0.0131001473,0.3863139175,1.3394375,-0.23711623360800002,0.6876571755060656,-1.5383643,-0.6750177875,-0.25611663,0.13833791,1.7864405,2
400,0.03203340916,1.2544618781888244,-3.338121,-0.3935633275,0.059392214,0.5360028750000001,2.7965813,0.018410236868000016,0.9613757648244593,-2.459487,-0.4523335725,-0.0344357483,0.3344510775,2.4773483,0.034488711139999996,1.1752471774149713,-1.7875466,-0.4561074925,-0.02650094,0.3841496625,6.683748,2
450,0.022482860870800002,0.3413594461633061,-0.6792221,-0.04648363625,-0.0123915675,0.04627311225,1.4113617,0.012228375991999994,0.3762103777140864,-1.0048003,-0.1045897615,-0.0093448162,0.137497545,1.1169887,0.030450583284,0.2711446759934633,-0.8293023,-0.038826823,0.054964304000000005,0.1457243,0.7678571,2
500,-0.006124582427,0.13312241522809595,-0.50101614,-0.060879588250000005,-0.0022106169750000003,0.06865262975,0.2984724,-0.0065299610080000025,0.1529725012193186,-0.39402866,-0.069159744,0.0047194958,0.060609043,0.31593084,0.036740903642,0.0944747543391406,-0.21919727,0.0030333996,0.0468842975,0.09910714550000001,0.19304085,2
550,-0.019314594682,0.366491390650643,-0.69364834,-0.2721834775,-0.039198398499999995,0.2955807425,0.73198867,0.06846493677000001,0.34791373802349,-0.8232899,-0.08202112,0.049874306,0.23960852500000002,1.063859,0.10562447882,0.2953386779123785,-0.7055324,-0.09004754,0.130684615,0.29671263999999997,0.7391679,2
600,0.08011639137599999,0.23848503260941833,-0.442549,-0.101729275,0.0922225725,0.28635651,0.44607353,-0.06084242944000001,0.5312736785238595,-1.8812866,-0.39230322500000003,-0.115103245,0.2534303675,0.8631687,-0.076590310486,0.4483226257273657,-1.2460356,-0.30677737,-0.0351493355,0.15715945,1.1466069,2
650,-0.033908815184,0.39797776647310107,-0.850163,-0.24616003,-0.037467599000000004,0.18310987499999998,1.2173977,0.033838286880000006,0.5412183591591669,-1.0785394,-0.31393688750000004,-0.0248417855,0.2518076875,1.6853108,-0.002486850259999998,0.4403111919556846,-1.5334659,-0.2399177575,0.0013272759999999988,0.2464017825,0.9857807,2
700,0.03232404876000002,1.0618754635479406,-2.5464847,-0.5188227750000001,0.14623618,0.7627242875,2.649541,-0.028015561080000015,0.8885574528780796,-1.7054472,-0.7275503249999999,0.06497991,0.45085959999999997,2.445818,0.018644328189999997,0.5953764211755856,-1.3721285,-0.3762927,0.03900718675,0.410563345,1.265027,2
750,-0.010986078320000037,1.1849416212291366,-3.3587017,-0.4685524175,0.049378633500000005,0.68328083,2.4098554,-0.046701703300000015,1.0853781361738881,-3.452291,-0.9079561325000001,-0.07532978,0.8083270775,2.3018696,0.00797889682,0.7322091442095859,-1.6464705,-0.547899605,0.12434435,0.46601712749999996,1.734426,2
800,0.06141619911999999,1.3064413643642152,-2.833974,-0.5925228499999999,-0.16110503999999998,0.68626916,3.6342716,-0.020949004639999994,1.1519487258687997,-2.5811496,-0.5992439,0.042730569999999996,0.56374258,2.8922632,-0.06531693738000001,0.7850761173850059,-2.6215568,-0.35387123,-0.135150195,0.41168106,1.9744859,2
850,0.172734766127312,1.1957653266446557,-2.044451,-0.3808995475,0.135959865,0.74230599,3.5619712,-0.0063352871999999725,1.07466634267274,-2.4124653,-0.703243605,-0.18203521,0.75981164,2.394397,0.07950018964,0.7880703114018999,-1.7370853,-0.2633700325,0.15001773499999999,0.59846389,1.4387822,2
900,-0.04070487988,1.2380119547287636,-2.724585,-0.658361925,0.040893793000000005,0.6173788275,2.8224921,0.059209963840000004,1.182937875803086,-2.2085643,-0.78141485,-0.049191952,0.686551745,2.932804,0.009118719530000003,0.8217574781856931,-2.1194205,-0.350963475,0.09610819500000001,0.464829685,1.6993217,2
950,0.25894306044000004,2.0545714504435177,-4.261622,-1.055471625,0.0810464635,1.4572470499999999,6.448512,-0.05317725596000001,2.125755961352728,-6.3750544,-1.394564525,-0.06462574,1.777756825,3.7706656,0.03484817000000003,1.2024532023657313,-2.4106736,-0.7676290324999999,-0.149851085,0.6354844500000001,4.67665,2
1000,0.42698346695999995,3.2829234150114184,-6.562589,-2.73287415,1.2248241,3.24204065,6.44397,0.046335754719999935,3.581738081451238,-7.275036,-2.6567092999999997,-0.9216618649999999,3.106735725,5.886295,-0.15631040679999997,2.1688080115233173,-4.430862,-1.3684261000000002,-0.23522781999999998,0.7031859250000001,4.3717084,2
1050,0.26392922568,2.9384720604832433,-5.344954,-1.73431295,0.228287335,2.27305105,5.73124,0.12211186510000001,2.8357413468570156,-5.596263,-1.3399657999999999,0.15200615,1.637529575,7.3967886,-0.2715153758,2.2346119370379416,-5.562889,-1.44451045,-0.21387863000000001,1.06710935,4.9047575,2
1100,0.30944788399400003,1.5485364200820002,-3.530813,-0.2308917025,0.173131225,0.5604535900000001,5.0867605,0.10294719901400003,1.2564979536589314,-1.9339223,-0.7592518325,0.012376785349999999,0.492984405,5.6015606,-0.19173044972,1.8049857400027078,-8.668918,-0.506946315,-0.21667789999999998,0.16817141000000002,4.8523335,2
1150,0.3723944634,3.077381122821355,-6.4222593,-0.9787298449999999,0.5937439250000001,1.94531965,6.07352,0.08559379680000001,2.9518555713663357,-5.3548183,-1.532829175,-0.091681,1.088876975,7.305762,-0.08795790638000003,1.0248217207777692,-2.6500213,-0.4305123175,0.096440078,0.5598408075,2.3695302,2
1200,0.4279160836000001,4.113855837086388,-6.2787204,-3.39061795,0.93716632,4.2683466249999995,8.266876,0.028852067500000037,4.2602575917185685,-9.125428,-2.39792405,-0.5023272,2.895777575,9.476888,-0.5749271554319999,2.023447831623339,-12.132227,-0.9911258075,-0.42075181,0.24045384250000001,2.1921043,2
1250,0.6955904668879999,1.6743854315680275,-1.74082,0.19215139750000002,0.436513425,0.9302063025,10.455755,-0.14357753338,1.345457034778229,-7.4320807,-0.5457137825,-0.050120591500000006,0.416011225,3.3471267,-0.19433134220799997,0.9176218401253005,-1.8149462,-0.64723683,-0.26498031,0.1286644975,4.1557336,2
1300,0.42358422794,0.9832055827973385,-3.2310035,0.14700204249999999,0.33277225499999996,0.594741055,3.6697628,-0.02731838247999999,1.3906308432388113,-5.073563,-0.3354873625,-0.11910653,0.2750931975,4.421069,-0.14710014237999997,0.702159658316857,-3.2244782,-0.40495968,-0.214595555,0.06214273125,2.4659734,2
1350,0.5484455264,3.312479091286746,-5.7659655,-2.145901975,0.5718894,3.591192225,6.7730265,-0.005113524359999948,4.584209158236567,-9.833105,-3.001534625,0.106463431,2.48076745,11.308044,-0.2059462984,1.5494089634723087,-3.294466,-1.007761575,0.026203394999999997,0.76924337,3.6418233,2
1400,0.5431800484200001,4.250566494362394,-5.4963636,-3.565478275,0.22370839050000002,3.9268262,8.451954,0.0587840662789,5.048210820750662,-11.2288475,-2.641631225,-0.1405956730275,3.146422375,13.35409,-0.5321815928,1.645820024303401,-3.5676272,-1.9033378,-0.49703622,0.59767342,2.5292416,2
1450,0.5347855922000001,3.554078698822086,-9.669551,-2.205035925,1.1521023499999998,3.53487545,5.806937,0.16826282194000008,4.23397940461728,-8.199261,-2.873151375,-0.49383567500000003,2.4811239499999997,11.373989,-0.6782916798399999,1.5497706171880923,-6.2849164,-1.310139325,-0.33420038500000004,0.16439222925,2.2619176,2
1500,0.7576702682840001,1.4091027847661777,-2.3344579,0.30276757499999996,0.59787155,0.81459057,6.605913,-0.038181558900999994,0.9283026151327638,-3.9453735,-0.38074863,-0.002308368675,0.2879260775,2.0715075,-0.3674233364800001,0.8413147303370379,-3.512198,-0.6539489,-0.38325715,-0.04490876125,2.0486784,2
1550,0.52410125344,0.32896263354716027,-0.73698163,0.4188928025,0.53436995,0.6529304425,1.452704,0.065434818086,0.45655691331609793,-1.4005651,-0.104697225,0.094519137,0.42132890500000003,0.83468723,-0.24864708456000004,0.32642929703474716,-1.0846102,-0.44083971,-0.2361052,-0.0658386945,0.44662857,2
1600,0.4219717114,0.10865730322469948,0.10639024,0.36204648500000003,0.43541586,0.4741681925,0.70410776,0.008510971148000009,0.3958362872496656,-0.74340487,-0.2838838075,-0.047218799,0.34321046250000004,0.8584323,-0.19894381122000002,0.4354774576784536,-1.2145896,-0.42108714,-0.17509508000000001,0.022675276,1.3228383,2
1650,0.3284776843100001,0.9574772524749247,-1.5903004,-0.27290934,0.263598435,0.8774834874999999,2.3748412,-0.01632963242000003,1.4696046605621835,-3.0448885,-0.89833165,-0.15641904,0.681752935,4.894702,-0.20223208062,0.7233913248822461,-2.3092608,-0.5490402,-0.21898531999999998,0.23470962,1.742907,2
1700,0.31601934820000005,1.5574947742497676,-3.4005466,-0.4355123025,0.5999538849999999,1.3420662499999998,2.7120914,-0.04082650798000001,1.8194390448961613,-3.6731758,-1.3704947,-0.32487941,1.28813835,4.7609243,-0.19644801747559998,0.9064436462947886,-2.2659593,-0.81336844,-0.16712952,0.385346775,2.037519,2
1750,0.27329598640000013,1.8887044649017772,-3.9636896,-0.90904045,0.33296848,1.404206425,5.5468764,0.009721033519999997,1.9218181872980016,-4.3691244,-1.1828223750000002,-0.26253271,1.3810701,4.0780563,-0.22705960494000002,0.9584932842270072,-3.1142821,-0.7290418325,-0.24243951000000002,0.5630787575,1.4580998,2
1800,0.24440180122000002,1.1284119860010342,-2.511513,-0.21257281249999999,0.326097365,0.9183099875,3.9093127,0.013842525359999946,1.660771994255893,-3.5908566,-1.183994975,-0.096879006,1.18861485,3.7270923,-0.1789223002,0.9871010691427855,-3.3970096,-0.723764425,-0.10261464000000001,0.4224975125,1.8601942,2
1850,0.30210405026,1.25498323874602,-2.2950792,-0.4289755225,0.232305525,1.2644365,2.82273,-0.07848891862,1.539983443988513,-3.3264675,-0.7845379175,-0.183503865,0.43642091,4.9786344,-0.14147488376800002,0.7267343203598975,-1.7659025,-0.652430875,-0.156009199,0.36948335,1.244328,2
1900,0.146679867272,1.4887285740467842,-4.0031705,-0.4926718475,0.269599795,0.9684161124999999,3.6139917,-0.053404204200000055,1.7247330978835709,-3.9137049,-1.20090315,-0.38724899,1.2442366,4.4886775,-0.17924257789999998,1.2023896186106866,-3.204391,-0.8956839,0.033234597500000004,0.6537975,1.9687395,2
1950,0.21414610000000003,1.1055177816473805,-2.5560577,-0.5512807375,0.32336937499999996,0.93802208,2.6251073,-0.17191406272,2.131477142785834,-5.314749,-1.40792405,-0.59970785,1.23014715,5.690271,-0.11457218023999999,1.0494440279995143,-2.9142537,-0.727741365,-0.06772041449999999,0.61181891,2.1362667,2
2000,0.088334476508,1.0229722311453269,-2.3593087,-0.30751734750000004,0.150851965,0.710366625,3.089652,0.06311735238,1.9119583932597175,-4.3564396,-1.00164685,-0.11978197,0.7101938725,6.2087536,-0.24142176823999997,0.9955068465722197,-2.9934592,-0.862925775,-0.152204755,0.33050906,2.4239202,2
2050,0.15397981926,1.3336352889849146,-3.9782841,-0.465044695,0.214020135,0.76059999,4.0339847,-0.12800374093599998,1.672613532106448,-5.18058,-1.265366175,-0.17167210500000002,0.33108377,6.328865,-0.10294961813999999,0.891344923142949,-2.4993343,-0.6989607800000001,-0.06972956500000001,0.67837714,1.4440193,2
2100,0.17490634317999998,1.1369606083464951,-2.5817297,-0.552228975,0.0004069805000000001,0.77803086,2.8103375,-0.10728342930000005,1.1706255438928723,-2.3092442,-0.877031805,-0.09468913000000001,0.65248597,2.4160385,-0.05080490951999999,0.7032386911839205,-2.2722678,-0.5468814399999999,0.018856763999999998,0.427911045,1.2810411,2
2150,0.08303218632000002,1.004728841097402,-2.3466682,-0.5772052624999999,0.097371457,0.5682831325,3.1886227,-0.06953290368000001,1.5823469664822818,-5.2736354,-0.94921422,0.085155485,0.8662460000000001,4.6912737,-0.17824002749999998,0.84982832047253,-2.049562,-0.66913559,-0.20740056,0.255429865,2.6170163,2
2200,0.08370156847999999,1.1814743662189557,-3.5762844,-0.402554975,0.129317642,0.724611675,2.9516602,-0.005385573899999983,1.495617301223672,-2.3271751,-0.9149279625,-0.27814674500000003,0.485005375,3.761752,-0.11107192614,1.4749234702821545,-4.7183824,-1.07233035,0.0192189215,0.885415775,2.8962865,2
2250,0.22716121115999996,1.4720633790448587,-2.9202042,-0.5032682375,-0.009936570999999998,0.9728341250000001,3.4403052,0.0902776322000001,2.3842044268551983,-8.266034,-1.1167004249999999,-0.0381908425,1.2627017249999999,5.341359,-0.010993796419999993,1.0328019938027937,-2.7779791,-0.7003574375,0.161334275,0.442050935,2.9092183,2
2300,0.16033738673999998,1.8709251764661405,-6.824033,-0.896538795,0.11691642,1.2066512500000002,4.1588955,-0.09540714227999998,2.021278572784613,-5.118125,-0.8722544950000001,-0.147747755,1.0211786250000001,5.281495,-0.09849892081999999,1.1617097772892373,-3.0636709,-0.69621205,0.068954943,0.530667775,2.0552573,2
2350,0.06806790474000005,1.6846672379514134,-4.720337,-0.81607235,-0.021497011500000003,1.25345305,3.1440048,0.17247089688000006,2.374809475082988,-4.3802,-1.237692725,-0.11131691999999999,1.3687740750000001,9.674276,-0.11430726899000002,1.0650424595447365,-3.8682861,-0.70006419,-0.03513359975,0.651029125,2.507433,2
2400,0.21631764003600001,1.979325176478205,-3.000992,-0.699873525,0.07922244149999999,0.8460901,9.032287,-0.11624984930599995,2.3205033925952745,-7.0145664,-0.873121855,0.0019068718499999997,0.98805094,4.9472146,-0.16257765506000002,1.1776646813487122,-3.4879344,-0.7348589999999999,0.019774437,0.500522625,2.73801,2
2450,0.06014545459400001,0.24214741707379592,-0.78005695,-0.039705634000000004,0.07385349499999999,0.1761842975,0.55669546,-0.03863420454000001,0.3154458580915194,-1.069314,-0.1801930675,-0.07092333,0.086199165,0.97223043,-0.056623799238,0.33024597522623,-1.0344334,-0.17370165,-0.06748127949999999,0.09269529500000001,0.5699606,2
2500,0.04134363571,0.4008719070056716,-1.2661009,-0.08927225875,0.0288181305,0.18631196,1.3569593,-0.017238387919999997,0.26262384359687785,-0.5045681,-0.2270901175,-0.018852472000000002,0.1530215775,0.6518879,-0.11847324804800001,0.28241586189740736,-0.9353266,-0.28555369,-0.09556484000000001,0.085354447,0.5360184,2
2550,0.07999892868,0.942181594892987,-2.244183,-0.2673882225,0.070655702,0.4608019075,3.9570222,-0.06190324551999998,0.9914073671634925,-3.5415053,-0.57017111,-0.084141732,0.3129808825,3.5619626,-0.042287995720000006,0.5789850775850327,-2.1576476,-0.37264979,-0.1168251025,0.446796175,0.98943233,2
2600,0.05621985316560005,1.5256543399383002,-3.598564,-0.876687655,0.367875335,0.9592084750000001,3.2696798,3.391278000000497e-05,1.3554736142361288,-2.2926393,-0.965310935,-0.086297752,0.658668275,3.5875535,-0.09077376398000002,0.9181945434303829,-2.9779162,-0.5142297699999999,-0.0715494175,0.30860185500000004,3.116609,2
2650,0.2017279386,2.533871257267895,-4.413966,-2.38653045,0.7463416850000001,2.232326025,4.4418945,-0.12254066716999996,2.5028061304923175,-5.1392074,-1.696049175,-0.23000765,1.0842978,5.8011746,-0.14366614811999998,1.926578538402295,-4.1970787,-1.662081925,-0.16827965,1.20139901,3.9466686,2
2700,0.2633558306000001,4.181340937858718,-7.411578,-2.865467625,0.2831496,3.15314605,8.668425,0.11227487289999998,3.434890667847154,-7.2796283,-1.939819725,0.18473053,2.086294625,8.336722,-0.057718031699999964,1.4718303325685504,-2.9287882,-1.1727348499999999,-0.084620475,0.683201325,3.969514,2
2750,0.36364662759999994,4.16373875549446,-6.673617,-3.2085574,0.88256216,3.8002286,7.1666727,-0.01484674768000005,3.2933325230449,-6.871762,-2.5589988999999997,-0.1430707,1.4598525,7.34663,-0.17177136189999997,1.7840471229252508,-3.6804252,-1.364905825,-0.17922425250000001,0.7229048075,4.364172,2
2800,0.4990638584,4.237855853431811,-8.900839,-0.44259267999999996,0.21410096,1.05648435,19.532555,-0.005435986531999958,3.1090614129796323,-7.878382,-0.859758875,-0.0233521468,0.5141061625,10.764332,-0.38273773059999994,2.5587563539527802,-12.729595,-0.80468475,-0.2638309,0.33578551,9.45097,2
2850,0.19768963907999995,0.5455225181642561,-1.0822306,-0.05993795325,0.17911029,0.462757645,1.6813493,-0.27165771408000006,0.7509717937325193,-1.9191049,-0.7338555,-0.31018251500000005,0.2241726825,1.418688,-0.21837195242,0.6694321500609728,-1.9410834,-0.46936083,-0.17610049,0.11229693875,1.7005663,2
2900,0.10595307136799996,1.0662085204071812,-2.5870245,-0.430119275,-0.0122134688,0.92665077,2.6435986,-0.13682477084000003,1.3482457606900615,-2.0235229,-0.9621337975,-0.37121654000000004,0.45425625000000003,6.246642,-0.11800818155999998,0.9631179973990777,-2.4156408,-0.7346086525,-0.08157515500000001,0.5358446825,1.714921,2
2950,-0.01625054578000002,0.9262852778860727,-1.6412215,-0.597619775,-0.0377900595,0.3897748,3.0156145,-0.23285434985999998,1.2172288610291948,-3.4558144,-0.7697411125,-0.347049535,0.223965375,3.0158463,-0.11572981903999999,0.7300284927198907,-2.0092278,-0.5901941100000001,-0.17940569,0.412912975,1.2749119,2
3000,-0.005089642060000003,1.3108657244189024,-2.6401134,-0.9247909774999999,-0.1626873,1.0195853750000001,2.7849288,-0.07804736914,1.1869739422736998,-2.6013129,-1.0477892,-0.030021310000000002,0.718802335,3.073985,-0.11731963440000001,0.8206215232157373,-2.4443882,-0.6819513850000001,-0.157473085,0.5261867075,1.591846,2
3050,0.23345313646,1.254907655513109,-3.8699253,-0.34990394,0.35979174999999997,1.229688675,2.3748617,-0.21440428578000004,1.0682957876561237,-1.7223232,-0.88536565,-0.312593575,0.051281690000000005,4.936404,-0.11305813894,0.6656695539794684,-2.376536,-0.47745204,-0.0451209545,0.29520809,1.1120725,2
3100,-0.07211557515999997,1.3658303199864255,-2.8507748,-0.972874625,0.063191176,0.6603528275,3.3080096,-0.023621056351999986,1.082989786654099,-2.7473896,-0.673946445,-0.11308491200000001,0.65698427,3.387464,-0.12841153039579997,0.7938633966810368,-2.3939261,-0.69893111,-0.151444435,0.45493805,1.625998,2
3150,-0.014121327660000021,1.8200288568899017,-7.27872,-0.6335808025,-0.0599823,0.5467660449999999,4.860444,-0.051907975733999974,1.6659572006990058,-2.0933805,-1.17682355,-0.29154276,0.5112102350000001,7.0689073,-0.10519960315999999,0.8585516019509554,-2.735326,-0.583486675,-0.076019524,0.385356895,1.568213,2
3200,0.10915510383999998,1.5661241422849481,-3.0866904,-0.6698963625000001,-0.0556645395,0.912109845,5.0932293,-0.15535967348000002,1.4243905880935182,-3.14515,-0.943353575,-0.2330322275,0.6985091425,3.6272082,-0.10466505077999999,0.8190085625566936,-1.7898059,-0.573201525,-0.13155365,0.623339655,1.0804124,2
3250,0.0001783047259999826,2.0569153438274297,-5.172904,-0.498282925,0.0334789755,0.97654795,5.1447763,-0.031473862619999994,1.8279483826507954,-3.5638688,-1.204149275,-0.170354425,0.752902635,7.7679634,-0.06406268158000002,0.7296150227490115,-1.4782276,-0.5629365475,0.009738445499999998,0.416678665,1.3761029,2
3300,0.09259871751999998,1.3498947871528848,-3.3251078,-0.634412515,-0.0378239155,0.7369140325,5.247151,-0.192382898,1.674025168304315,-6.8767405,-1.097501225,-0.38206422,0.655007575,4.2855635,-0.02795562298,0.8828286438707658,-1.4679089,-0.51065314,-0.13217497,0.30688607500000004,4.501142,2
3350,0.11541272543999997,1.97646927948167,-4.863044,-0.886403825,0.010089875999999998,1.3175226,6.529639,0.07796932038000005,2.2979081834547403,-5.3324614,-0.9235951874999999,0.012278914500000002,0.8673116750000001,8.58371,-0.29964373798,0.9452210509954991,-2.6210973,-1.064729475,-0.433426855,0.3897941125,1.548924,2
3400,0.02663769216,0.4193459099249955,-0.7236862,-0.226411105,-0.057755948,0.292239195,1.0572004,-0.0430095578,0.4589297360411134,-0.9665675,-0.300341245,0.005454063499999998,0.1999722725,1.0655751,0.040519138994000004,0.46511529838156246,-1.3723903,-0.2051503025,-0.012221455150000001,0.3601605325,0.98681307,2
3450,0.18418348366600001,0.2912758341135483,-0.29780293,0.02683758725,0.12861967000000002,0.26043545,0.9615798,0.07538226081999999,0.2561961519611077,-0.40458107,-0.11952388,0.07641673,0.19867873249999998,0.7368431,-0.16634439045999996,0.37589950613873224,-1.5751259,-0.3070751725,-0.16057496,0.023392997999999998,0.5460241,2
3500,0.02166748107999999,0.3331055361271737,-0.84953976,-0.0958029025,0.06470680300000001,0.21412885,0.7608557,-0.04726630416,0.6694065354949964,-1.7752986,-0.405367735,0.073343753,0.3349223125,1.4983568,-0.07594769974,0.3569001253452745,-0.93171597,-0.2559943825,-0.0553663985,0.1637277025,0.7568321,2
3550,-0.0017463516600000034,1.7794800813131417,-3.5677814,-0.74766075,-0.09295392,0.32666659,6.099408,0.19210711409999998,1.897737067773783,-6.5231905,-0.74784529,0.19075631999999998,0.865403295,6.8058195,-0.33538246902800006,1.7595217621889072,-7.17287,-0.558789865,-0.0130505562,0.514359255,2.4127007,2
3600,0.289049113142,1.40849407775892,-1.2579222,-0.3402035125,0.0419781226,0.46374785749999997,8.871237,-0.26317328446,1.0906401221725315,-5.3327746,-0.5898184575,-0.10471368,0.31582749,1.7018919,-0.12492638769999999,0.6884873983884642,-2.1215951,-0.5234721499999999,-0.1020298005,0.374560235,1.2583437,2
3650,0.09429964115200003,1.3091042312873225,-2.0679183,-0.555403215,0.018034218799999998,0.6073191125,4.736657,0.08487729167000001,0.9831138969623794,-2.8994823,-0.4505907325,0.057158947,0.6169623125,2.6153846,-0.25323264282,1.219330525020649,-5.8842516,-0.5493753625,-0.172114375,0.21866547749999998,2.41609,2
3700,-0.13470782908,1.5790134437214776,-3.676193,-0.880759575,-0.18405652,0.54652295,5.971632,0.08073889739999998,0.9952638859325069,-2.213441,-0.45751524,-0.03168344499999999,0.4814296925,3.0039108,-0.11443209569999999,0.9667586800702974,-4.433664,-0.4726811025,-0.10795044749999999,0.36941260249999996,2.1412978,2
3750,0.04596957144800001,0.2666184109280275,-0.6700907,-0.15303206749999998,0.053396225000000005,0.19923794,0.7388177,-0.016376647964800012,0.2529468516050051,-0.6501856,-0.174441695,0.005178689879999999,0.12740672,0.52639914,-0.005916943062000001,0.2489158296746009,-0.49897218,-0.18801992750000002,-0.00169599055,0.2002657625,0.4904449,2
3800,0.07002559868000001,0.6746391665297216,-2.3163638,-0.22453761249999998,0.033144951,0.23185158,2.6869264,-0.11467397585999999,0.7749011527533929,-2.4858708,-0.33664834499999996,-0.003160953499999999,0.24483442,1.5516629,-0.209461215084,0.9266834913000871,-5.897091,-0.30908185250000003,-0.007226705599999999,0.14803487250000003,0.62792397,2
3850,0.043619289299999996,2.069093752153306,-3.556697,-1.12399875,-0.174196005,0.7057517775,7.4363127,-0.016894618599999953,2.1262130456568062,-3.6622968,-1.11543585,-0.126151325,0.862692595,9.568893,-0.10557510170000002,1.5064535585864227,-7.580449,-0.6106262650000001,-0.039258482,0.336624205,3.7715654,2
3900,-0.004194070729200003,1.2154834850431273,-2.6937218,-0.36928773,0.005404233919999999,0.36771453,4.327734,-0.09355337834,1.3051603605689281,-5.057875,-0.6933363775,-0.0826592445,0.359594465,4.2441616,-0.025634859040000006,0.8094787538993468,-3.5381413,-0.267250245,-0.054387928499999995,0.41132814500000003,2.0469294,2
3950,-0.01778218243999999,0.9407241436281749,-2.1149614,-0.39924359499999995,-0.14803767499999998,0.23086965249999997,4.0905075,0.0023291595000000066,1.1703829974208977,-3.5723367,-0.3522133825,0.024371146500000003,0.2508248125,5.264629,-0.16040915106480008,1.6061699204950242,-8.475421,-0.374308825,0.01496148088,0.39999753,1.9872913,2
4000,0.07755051412000002,1.2076335169724806,-2.765275,-0.2859712825,0.100870849,0.5331733,5.303696,-0.04934122935519998,1.6672841677073689,-7.90405,-0.460281985,0.00725650775,0.33413339,6.5606437,-0.19417346477,1.0992593359978673,-5.2515073,-0.42488366499999997,-0.14190385,0.268441435,1.9379778,2
4050,0.05815907503599999,0.30846812476396146,-0.5642848,-0.1643086625,0.0739793765,0.2387729875,0.6650915,-0.090323228614,0.3355796701101509,-0.6726748,-0.3172580275,-0.1292411675,0.078446689,0.8202715,0.09787476129999999,0.4395232544053311,-0.8699541,-0.17923247750000001,0.0693080425,0.42222833000000004,1.0438204,2
4100,0.13662853562199995,0.9421045188958868,-2.4934666,-0.189001025,0.0311074255,0.3563942825,3.6550324,0.27489150935999995,0.8790663511437732,-1.5496387,-0.1994569275,0.115703582,0.48604691499999997,2.368908,-0.35803191394,1.6899197031193351,-4.300842,-0.92294006,-0.292212665,0.42183015,6.752875,2
4150,0.041032571634,0.23751562725373743,-0.5029521,-0.11109912375,0.00830578805,0.172177315,0.648664,-0.09311515889000001,0.46304465878469,-0.9590578,-0.38556135,-0.092481375,0.2012013175,0.929677,0.09085065096000002,0.3646180833522521,-0.6887656,-0.0965984025,0.034512997000000004,0.3273345225,1.2031381,2
4200,0.004579276578000005,0.29635657991281156,-0.83859634,-0.17740285749999998,0.00591754895,0.1721057875,0.6459198,-0.02990584644000001,0.49851799354848636,-1.5701575,-0.3275728225,-0.029095173000000002,0.36119217,1.2618139,-0.1349262370388,0.4273527783849372,-1.7069168,-0.35270092,-0.06576752500000001,0.0740031025,0.72627354,2
4250,0.04561166751999999,0.41681430613400516,-1.2968516,-0.2215301975,0.05440259,0.3062543825,1.0268955,-0.029537174259999976,0.7173758673363847,-1.7275774,-0.3391966825,0.0270164015,0.49628704500000004,1.2069414,0.05030005824,0.5556947259909774,-1.6128945,-0.1585917475,0.0670089725,0.28956747,1.4363246,2
4300,-0.11658914508000004,1.3522276837949223,-2.8485565,-0.85971105,-0.31890702,0.71496427,3.2369032,0.08545810270000001,0.9402316346769821,-1.3523071,-0.6034756925,-0.084779143,0.717174505,2.6673372,-0.04515444692000001,0.5857084186063832,-1.5063868,-0.32313203749999997,-0.07264256499999999,0.36874759749999997,1.9899216,2
4350,0.16965909106,1.3777167080107944,-3.1968684,-0.62986862,0.163268565,1.404268775,2.6044588,-0.10370374830800001,1.1306180173956704,-2.6986866,-0.7433593875,-0.0156048537,0.5764057675,2.6899536,-0.01568411933400002,0.9241825875938201,-2.5358706,-0.4367146475,0.00953221315,0.61251307,2.1145954,2
4400,-0.067353891172,1.0153792084479047,-3.9491012,-0.4520735725,-0.140512465,0.39627683999999996,2.4698467,0.11493030398000002,1.2132200826646358,-2.2600625,-0.7810234425,0.18145644500000002,0.9484770925,2.9461312,-0.07603899845999998,1.0740288212230453,-2.3982172,-0.70237148,-0.074046135,0.6022086,2.102765,2
4450,0.14601285619999996,2.087759183828129,-4.6437187,-1.03352245,0.2486918,1.298009375,5.0878873,-0.07340704542999998,1.8544525553097841,-3.7180786,-1.253849825,-0.1505456,0.990923315,4.169777,-0.0772008164,1.234370706221207,-2.641889,-0.8202002075,0.147177455,0.8079640800000001,2.2557344,2
4500,-0.0139037454999999,1.868435499099248,-4.39598,-0.5566126,-0.047706842500000006,0.798942925,4.7098627,-0.074905428018,2.231444255186873,-6.874186,-1.009724175,-0.0034630299500000004,0.624484845,6.855895,-0.146278508,1.1651159711920098,-4.691902,-0.7813880525,-0.039958,0.5208241825000001,3.00942,2
4550,0.03620439594,0.2893718110489379,-0.8591056,-0.1282776575,0.0492942335,0.2203105675,0.5912967,-0.05683232937999998,0.3355400858486473,-0.85182095,-0.26154244000000004,-0.086089375,0.18587613,0.5908396,-0.075500401548,0.3853636235384374,-1.6524405,-0.2806380975,-0.0287787905,0.1577328475,0.51743793,2
4600,0.06469122035399996,1.9550659649889297,-4.4574094,-0.835560065,0.0040733816,1.096220625,4.6236463,0.10686917212000001,1.998544589665409,-4.354696,-1.47431505,0.014569283000000002,1.069135575,5.2736497,0.10622023031999998,1.534570746566822,-3.709156,-0.722913635,0.0568313595,0.968080775,3.7913227,2
4650,0.024458888360000063,2.1007358133410663,-4.38492,-1.3686266249999999,0.025666475,1.4875388999999999,3.593618,-0.07312241539999999,1.7175199984501812,-4.220648,-1.3305821500000001,-0.156352755,1.3820494,2.8597698,-0.10063338880000001,1.2525307627489746,-2.9147809,-0.7720686175,0.11314869,0.8402105550000001,2.0802684,2
4700,0.05382407500000001,1.7322771751611827,-3.9223118,-1.1465590125,0.08286595499999999,0.918539425,3.650578,0.06272539540000002,2.1189499311586446,-3.734771,-1.7385807,-0.05738353999999998,1.80775875,5.1914625,-0.104048418,0.7937586869061843,-1.9640062,-0.53031646,-0.0938479905,0.40495539,1.7075729,2
4750,0.1189405893,2.0913637732594874,-5.2222595,-0.8309991324999999,-6.866450000000274e-05,1.1720121,5.759573,-0.03317038759999993,2.4979332573672703,-5.6222878,-1.159328975,-0.17552328,0.984386225,6.7673373,-0.1962005531799999,1.469516117780273,-4.5288463,-0.9421110125000001,-0.132983205,0.3989912325,5.454251,2
4800,0.1306966872,1.9867607339915903,-4.081007,-1.1226107,-0.29107309000000003,1.5129346,5.290947,-0.09581470956,1.6694936937934133,-5.1917386,-1.0850743999999999,-0.23229813500000002,1.042110525,4.23271,-0.1316548341704,1.1608540168866917,-2.933388,-0.9116821375,-0.20281816000000003,0.8652029050000001,2.2252378,2
4850,-0.005741986634799954,2.2104290934347453,-3.9667618,-1.597975275,0.00403046613,0.9109138299999999,5.7447433,-0.12399046440000001,1.858368608280141,-4.549589,-1.2206887,0.026599764999999997,0.927969,3.0858183,-0.04609531494799997,1.1939671176887796,-2.5123897,-0.8304329375,0.085603235,0.78833413,1.9619164,2
4900,0.06362602682000004,3.0464445768751682,-5.5764217,-2.167263175,0.30577849999999995,1.790822525,7.515663,-0.0014392052800000043,2.25178434638517,-6.990021,-1.0074921250000002,0.198610065,1.518552975,4.538899,-0.24294701301999996,1.0853281702936728,-3.2130632,-0.8714966675,-0.31517101000000003,0.5021480300000001,2.1062183,2
4950,0.06473150958600002,1.0473862909504537,-4.22862,-0.05797171625,0.0687191475,0.2017098675,5.493718,0.004966092290000019,0.8887980524142585,-4.6676826,-0.2326613675,0.06883025000000001,0.29613388,2.6181211,-0.1947329384,0.4072625341165299,-1.2605839,-0.41297053,-0.252449005,0.01350897525,1.5300565,2
5000,0.18409530313999997,1.6934821649262162,-4.5171137,-0.28567768,0.114632128,0.4602326075,7.4690022,-0.05408626869999999,1.0731222788022625,-2.760985,-0.689705965,-0.066617965,0.3903447425,2.6172566,-0.11842523874000001,2.073174713130235,-5.4336877,-0.8329345,-0.209725735,0.16941267,11.873159,2
5050,0.16199480266,1.2273739281410025,-2.5926404,-0.38420105,0.102674008,0.47722911749999997,4.1964726,-0.17609225072000004,1.41142127947942,-5.3663225,-0.5793434975,-0.009528041000000001,0.553315325,2.7661357,-0.16213185774000005,1.065546155841124,-3.300384,-0.8082813025000001,-0.220111135,0.57706428,2.280295,2
5100,-0.02838888452,2.2549699486319206,-4.4283886,-1.353044625,-0.10418105300000001,1.456911225,4.807753,0.03911678036000002,1.9526387154521399,-4.256619,-1.31362525,-0.2230798,1.56502955,4.3610244,-0.11434022630000003,1.2332493513345204,-2.7572007,-1.2048254999999999,0.10081458,0.8606015499999999,1.6958108,2
5150,0.20679415716999994,0.883267621409475,-1.6304269,-0.2039020075,0.021645307500000002,0.5776017999999999,4.15698,-0.1165543953,1.4795960788864218,-3.9358816,-1.0139833999999999,-0.175444245,0.7115989925,3.8679943,-0.36516817085,1.0239653088916891,-3.0820708,-1.1462935,-0.31709671500000003,0.2748428575,1.6559644,2
5200,0.15945903003999998,1.2455977054095118,-4.0487328,-0.30811762249999997,0.059280635,0.601147405,5.204921,0.03887375577999999,1.0732180529370743,-1.9899504,-0.8227382375000001,0.064273717,0.825986025,2.148453,-0.04594934752,0.8023457878926441,-1.7487717,-0.6241424074999999,0.10073399499999999,0.4014332275,1.9625087,2
5250,0.35052265792,2.0915337715912488,-3.678929,-0.5962169225,0.160943272,1.004427525,6.1875315,-0.14828697615999994,2.3392126439768335,-10.778891,-1.0793754,-0.175158025,1.1682867000000001,4.0946736,-0.02190569771999998,1.4420886295381188,-5.3066597,-0.45919597500000003,-0.037508488,0.847043395,2.914298,2
5300,-0.1224930809,0.5265230971104642,-2.374387,-0.34847534,-0.018972635,0.2106072925,0.6937947,-0.16634539508000004,0.5968756906463536,-2.2962303,-0.559491635,-0.085754545,0.1374656875,1.0999875,-0.11823781973999999,1.1129078589170343,-4.871792,-0.415463445,0.11759162000000001,0.4274986975,2.3811507,2
5350,0.04755374380000001,1.1127894405853884,-3.783323,-0.6747625875000001,0.15555977999999998,0.790358775,2.605379,-0.003914131435999999,0.9248449479657722,-1.7137077,-0.77974625,-0.019537924899999996,0.6864781,2.387785,-0.15924878755800004,0.7689140630797572,-2.6232662,-0.4302928425,-0.060581684,0.209160685,1.37147,2
5400,0.007368562360000026,1.1343305434216906,-1.9939694,-0.5503858374999999,-0.19666909999999999,0.23277557,4.235247,0.01717527452319998,1.1637205178094538,-2.0974276,-0.7346403025,0.07166779,0.8027299575,3.252251,-0.03235107451,0.999581816577941,-2.2724416,-0.702629575,0.053677559,0.4927649475,3.2758164,2
5450,0.10058016219999995,1.2752448821846851,-2.6741757,-0.49013745,-0.13062811,0.75259484,4.4239874,0.013408328879999987,1.4606938515113348,-2.7793078,-0.8223348275,0.224124195,0.9804117250000001,4.1113224,-0.033628295679999996,1.0500234157038753,-2.7056563,-0.7896152750000001,-0.0018379684999999986,0.857848645,1.8000093,2
5500,0.17661837445999995,1.0894421306038,-2.7197084,-0.5720453249999999,0.26542425000000003,0.9194309875,3.002633,0.020290741549999963,1.1811108508644546,-3.2099662,-0.48718822000000006,0.094506323,0.58336151,3.411212,-0.18976496612199997,1.0278282302016057,-2.1047447,-0.7545510525,-0.218101025,0.160942915,2.4640265,2
5550,-0.1781136214,0.7150575471509131,-2.8755608,-0.3493212475,0.035347938499999995,0.204856395,0.72618055,-0.20254210288,0.6980350461180438,-1.7263713,-0.6980191425,-0.17195511,0.2997983725,1.2532938,-0.08045637989999997,0.780684174321397,-2.13616,-0.549711855,-0.0329328775,0.34430468,1.3567486,2
5600,0.17591726666000004,1.805555939839226,-4.252089,-0.80565333,-0.091563225,1.030815575,4.810302,0.17178431472000003,0.9380762791227605,-2.422003,-0.423417805,0.133056045,0.8120327625,1.9787383,-0.06799654046548002,0.879316274459379,-1.6437411,-0.505085305,-0.160001755,0.643492085,2.0924404,2
5650,-0.10319507245999998,1.8027646607781302,-3.9082499,-1.3091396999999998,0.0253434185,0.93065595,3.5192404,0.06732162763399994,1.0378718858607388,-3.147933,-0.4943186,0.09581434900000001,0.746249175,1.6416404,0.06459953444,0.7486803423147871,-1.3545334,-0.63121676,0.07292998,0.6123672,1.7011187,2
5700,0.2241968718,2.0645536326361875,-4.5720696,-1.1262135500000001,0.6221384999999999,1.466035375,5.514159,0.11795774533999998,1.0069784057985516,-2.1252575,-0.513885995,0.13058197500000002,0.88038677,1.9503108,0.020480842919999995,0.7574058891651596,-1.8586926,-0.459475695,0.029437542499999997,0.47442135249999995,1.936537,2
5750,0.018636255119999997,1.2371215503120487,-3.7961621,-0.45159387250000005,-0.065183162,0.58211327,2.955801,0.016922107899999997,0.9418875251356149,-2.2857656,-0.41082053500000004,-0.0858361725,0.60236478,2.2168865,0.058406588899999994,0.7512990608326297,-2.0422206,-0.395435455,-0.010349631,0.4751474,2.1288261,2
5800,0.05116001998,1.0138341373497508,-3.1643772,-0.213524465,-0.005854844999999999,0.39003753750000003,3.3071012,0.16990293921,1.0850895910617824,-2.8278477,-0.29973549250000003,0.175186395,0.7569042,3.206176,-0.17842552418000002,0.9642327165744276,-3.101582,-0.5932289749999999,-0.23225784,0.1883111925,2.9599414,2
5850,0.11436656076,0.32649093145096636,-0.45837831,-0.070396662,0.07626915000000001,0.28698338,0.8389063,0.054812717600000005,0.643996726451759,-1.0117464,-0.3078806425,-0.035676717999999996,0.341957505,1.5715187,0.126804935167,0.4807372595946216,-1.046308,-0.09745478599999999,0.13809693,0.4964163375,1.1597824,2
5900,0.10768056134,0.8635619673632141,-2.0028358,-0.3064448875,0.218468665,0.5116089575,2.1674433,0.30702910762,1.0997459294597294,-2.4907598,-0.22855246,0.20027065500000002,1.0112131,3.0372584,-0.10573588772000003,0.7572847879342146,-1.7885294,-0.501168985,-0.199740885,0.285542905,2.2705982,2
5950,-0.018855971040000002,0.33479339337184655,-0.9107239,-0.2003388375,-0.0364043715,0.18655348,0.6751585,-0.03611524679999997,0.8694023544288358,-2.168088,-0.58033753,-0.11285901,0.509328125,2.7298656,-0.16155526052600003,0.7400743890071687,-2.2380111,-0.644985675,-0.085439177,0.344676255,1.6481156,2
6000,0.011529472920000013,1.3686930344187664,-3.1642778,-0.61958408,0.11860752,0.7945460125,2.876051,-0.008201100440000006,0.9662981401758789,-1.675343,-0.739457905,0.040572168,0.5870717249999999,2.1862226,-0.0037146931200000024,0.5531892763448936,-1.5582337,-0.390449755,0.01364994,0.4485971925,1.062614,2
6050,0.03164744953599996,2.0680388378702736,-5.499355,-0.94800625,0.358284235,1.15020335,4.7706614,-0.05160404440000002,2.0808191299635985,-4.4642415,-1.1822445,-0.20351219,0.895892625,6.888465,-0.038315205000000005,1.2636072848430906,-2.4831047,-0.9306597625,-0.08807039,0.8642853374999999,2.5013742,2
6100,-0.02177994152659998,1.08900339008273,-5.0841045,-0.34773433249999997,0.056843282499999995,0.4479506025,1.6185894,0.09184608696399998,1.7444156525267895,-3.7084703,-0.5779422125,-0.0655359625,0.698987025,7.492698,-0.00849627354000002,0.6879204019886935,-1.4062619,-0.415857435,-0.006604671500000003,0.3643271925,2.481032,2
6150,0.02081379706,1.0432329999708116,-2.6536267,-0.372285245,0.162186145,0.43688775,2.4626794,-0.11478675760000001,1.1067985380966812,-3.0030887,-0.3664590675,-0.080817102,0.361066045,2.8289855,-0.006744498940000001,0.650484499530285,-1.0635304,-0.4674735,-0.107390882,0.4385454625,1.7352519,2
6200,0.09385618672000001,1.3549442531626914,-3.7408135,-0.55850732,0.10462212500000001,1.055068625,2.6234636,2.91153999999505e-05,1.5974644506052655,-3.9761055,-0.9668846925000001,-0.1147319075,0.7372628575,4.7836957,-0.03928467921999997,0.7433664893430184,-1.9334426,-0.5116122975,-0.032016516,0.3646100725,1.9427233,2
6250,0.029501147239999966,1.205291255901036,-3.3343923,-0.568483725,0.081567526,0.66762852,3.213745,-0.04705213472,1.4284866801489682,-3.2490118,-0.658272125,-0.049354673,0.7390384,4.564694,-0.04761328773999996,0.6962518964002038,-1.6771455,-0.4982535625,0.007236004000000001,0.3870847125,1.5655813,2
6300,0.12156112869999998,0.8462344551883868,-2.1600337,-0.4162703775,0.213377715,0.578107025,2.0599146,-0.07330160178999998,1.2919175447470892,-4.2191467,-0.7017827,-0.098023895,0.46191693,3.8612142,-0.07883950468,0.6572917550214353,-1.1476116,-0.5248858925,-0.12411022,0.31455194,1.648241,2
6350,0.07045693330000002,0.9015627336351688,-3.3376813,-0.24285363999999998,-0.037824869,0.48594129,2.595837,-0.07545615303859998,1.405012889059454,-4.187854,-0.5772533375000001,-0.090346695,0.3462388,4.110664,-0.011755320477999997,0.7007002890316752,-1.538095,-0.3286999475,-0.102613925,0.35141002,2.0039907,2
6400,0.1604667336,1.2857889029003309,-2.7052646,-0.6650149750000001,0.235453605,0.7474775300000001,3.384369,-0.06444021553399994,2.744826469027522,-5.2766743,-1.492749175,-0.16101443999999998,1.38316275,7.041175,-0.16369763067999998,0.9531408832114208,-3.0173237,-0.69716515,-0.027709006,0.48503638000000004,1.5565534,2
6450,0.05230423085000001,0.4279256159889043,-0.9381275,-0.14596808249999998,0.057962656,0.35304713499999996,0.9121623,-0.16183239923999998,0.512912319580259,-1.5312428,-0.51584585,-0.13603741,0.1958138975,0.9220507,-0.12277377044200001,0.44992680601771023,-1.3053403,-0.4436511975,-0.08257079,0.17967128999999998,0.6893468,2
6500,0.05916189152799996,1.2658098867474277,-4.1925716,-0.5571534625000001,0.117548225,0.7539286625,2.6930175,-0.06348100995999997,1.3895872339347437,-3.2984328,-0.7857576975,-0.13821471000000002,0.8815203475,2.833308,0.045737046254,0.9033468036723752,-1.7336035,-0.4487106825,-0.02935767165,0.49594949000000005,2.4108047,2
6550,-0.059228692320000026,1.4799338778404478,-5.402355,-0.5497371,0.2799623,0.8361495800000001,2.3859692,0.03391958570000002,1.7160750606621988,-3.4174185,-0.9431562375,-0.151516675,0.68428928,5.6124177,-0.10828989591999999,1.1135172313306614,-3.2079427,-0.7896628375,-0.20687747,0.6437273050000001,3.0411248,2
6600,0.05413367215999999,0.9990657662307105,-2.5335054,-0.4222874675,0.0098745825,0.508028275,2.8795514,-0.0006931715200000022,1.370684244048184,-4.1463165,-0.7901269,0.060083062,0.7136568999999999,4.247673,-0.06160978234399999,0.812625286517943,-2.0055652,-0.54560065,0.0263442995,0.5104806399999999,1.9264684,2
6650,0.044268777019999976,1.3946779701574206,-5.6626124,-0.4821619975,0.16476035,0.49555315,2.9039235,0.06146212638000001,1.3791038626467529,-3.0422156,-0.5182119625,0.208592055,0.81931563,4.4318733,0.016159879600000013,0.8229694028835477,-1.9599133,-0.5301281175,-0.029999017999999995,0.6276811250000001,1.6168628,2
6700,0.08536593613000003,0.6865674821998397,-1.5877576,-0.214538095,-0.06644892499999999,0.40608692,1.6085396,0.08483132869800002,0.7958003857329186,-1.9337182,-0.4387899675,0.0326747895,0.7028799050000001,1.4761896,-0.12349380496000002,0.7135432178930528,-1.5384362,-0.715889215,-0.24137371999999999,0.343230185,1.65589,2
6750,0.008457353297599992,0.9041720914362325,-3.1612177,-0.27290857,-0.0468635565,0.48662055,2.1062355,0.030378624400000005,1.0984435809087074,-2.0748653,-0.629948025,-0.0665361875,0.455286535,4.299752,-0.012359999559999987,0.7326140376771045,-1.1592817,-0.51084484,-0.053903818000000006,0.2684226,3.1892862,2
6800,-0.06883931159999997,2.0498431889750033,-3.940987,-1.5551781,0.29139924500000003,1.4536078,4.842458,-0.02793162320000003,1.836120930987301,-3.7758865,-1.200660775,0.17299351000000002,1.237900775,3.0020452,-0.032642788340000006,1.505960908239373,-3.9579968,-1.09795394,-0.05068922,1.061494475,2.9303627,2
6850,0.07625260214000003,2.04312220074961,-8.868092,-0.7942922099999999,0.17220878499999998,0.9779205275,4.5344,-0.06523185799999999,1.509229388889912,-3.0748394,-1.1878731249999999,-0.42077589000000004,0.6475167075,3.298839,0.0020986795199999966,1.3067772208236181,-3.6102505,-0.70611575,0.237612245,0.930539605,2.4352717,2
6900,0.07230370514000001,0.9456795372160907,-2.6465268,-0.3449664125,0.039002656999999996,0.570542815,2.6367955,-0.13264598436,1.27367156282534,-2.8279624,-0.9501709675,-0.05234050750000001,0.7338364350000001,2.6903846,0.04868026333,0.9640918723811501,-2.5265684,-0.44632423,0.0063011646,0.5488818675,2.2120423,2
6950,0.04653023116000003,1.5616123436327338,-4.1175146,-0.70125533,0.0544462205,1.185633275,2.3547354,-0.07691693710000001,1.59323907135206,-3.759564,-1.23594165,-0.072287798,0.7291207925000001,4.501772,-0.06735997202,1.2965209989322388,-2.7400742,-0.99246025,-0.097458602,0.6990991875000001,3.8589826,2
7000,0.06180626407999999,1.1796888471222302,-2.879837,-0.5118408400000001,0.08619236999999999,0.712294575,2.8353992,0.03366747054000002,1.4143993191003215,-2.5237904,-0.710578175,0.0306972265,0.6459438049999999,3.5619373,-0.07945069944000001,1.220236788297891,-3.1005924,-0.6842874225,0.0442514415,0.7337291225,2.5333824,2
7050,0.19896559537999997,1.0556671054509097,-2.7890816,-0.3723567725,0.21559739,0.9157564575,2.1704478,-0.05914242566000001,1.4680223736251086,-3.653486,-0.8624263000000001,-0.23463004999999998,0.5940049949999999,4.3318133,-0.22019722011999998,1.3674584724155363,-4.4438195,-0.98059085,-0.24027943499999999,0.5804254974999999,2.2291112,2
7100,0.08353853336599998,1.117477820774994,-2.8506346,-0.5935218250000001,0.11848378500000001,0.7324528699999999,3.2514238,-0.07203795879999998,1.0178996664401012,-1.8686856,-0.762017235,-0.20488709,0.37731718999999997,2.8054817,-0.04510696718599999,0.9808768179685505,-3.416599,-0.35955118999999996,0.054634331999999994,0.4374958275,2.2562118,2
7150,0.004334715800000005,0.8489583131836468,-2.0684857,-0.5397843125,-0.036750078000000005,0.3416551375,2.1490445,-0.06553268115199999,1.1001984309008968,-2.0663004,-0.8153697875,-0.0490295885,0.65765165,3.2316804,-0.24183995109999998,0.8875864581911703,-2.0101445,-0.9303634199999999,-0.23607445,0.471140955,1.728128,2
7200,0.14996951087600002,1.455628630945777,-4.1580334,-0.5687674300000001,-0.0234091281,0.9556286300000001,4.43978,-0.09791956001999998,1.0852947555288317,-2.797497,-0.7618956375,-0.207018375,0.610141975,2.2636328,-0.04411204503000003,1.4183294981106316,-3.8084588,-0.73607385,0.00878810925,0.79265619,2.5254683,2
7250,-0.020469084800000044,3.0419685026534804,-5.1722183,-2.629678725,0.26778936,2.720935725,5.678949,0.03233916637000003,1.8109377730851992,-4.3969283,-1.172473375,0.19921433925,1.1239722749999999,3.6467743,-0.1337320254199999,2.1808838504729926,-3.4977546,-1.46753905,-0.28535986,0.91708899,4.901345,2
7300,0.22967546178000006,2.6452731827958367,-4.2975864,-1.85606005,0.231291295,2.0056561,6.4810324,0.08466814666800004,2.1378109438779056,-4.547095,-0.9930921749999999,-0.022526979500000002,0.9779955100000001,5.2795243,0.0025801476700000035,1.5438418756139083,-2.2769377,-1.024024525,-0.338528165,0.7817541425,5.0957556,2
7350,0.19832921580000004,1.928928025467431,-4.1639833,-1.3057901749999998,0.37336157999999997,1.1303046,4.4651628,0.0068380433599999875,2.2232159679023753,-8.499912,-1.1223429425,0.127517464,1.2106898,4.213943,-0.14148745281999997,1.1933597970307084,-4.306946,-0.8111617550000001,-0.11918211,0.45821249750000004,2.1101055,2
7400,0.0767305531,0.6948448850826566,-1.6613569,-0.3557451975,-0.1047132,0.3794624825,2.1552863,0.033148870626000006,0.8913187225423216,-1.970818,-0.53312479,-0.00445663935,0.4802182375,3.1916585,-0.131740579872,0.655987265803694,-2.040895,-0.44263923,-0.109519242,0.183392885,1.5845423,2
7450,0.11327106412000003,0.5687905230434581,-0.9190402,-0.2267079375,-0.0028553005000000013,0.306927565,1.9460058,-0.010940105999999996,0.9102181889023042,-2.6745777,-0.542651275,0.051942585,0.6894839875000001,1.5348372,0.022240958271999997,0.4919011455695479,-1.4925718,-0.2965884225,0.0429179665,0.358003615,0.8960614,2
7500,0.1716950593,1.6742861331831913,-2.8986454,-0.99144685,0.103474855,1.27964165,4.6936345,-0.0004590091399999663,1.5231146180416395,-4.893279,-0.9466188,0.0932095075,1.0360022999999998,3.0433066,-0.05489868262,0.6918577221091265,-1.7088943,-0.621648885,-0.0386049745,0.45673764,1.5952649,2
7550,0.022659321420000014,0.8307442507705395,-3.2792554,-0.2804257825,0.042805433500000004,0.422551265,1.9101353,0.10422789335000006,0.8631857920899396,-1.7274976,-0.31047725249999997,-0.0007858277500000007,0.372948405,3.1201646,-0.08359008388219999,0.547652328470798,-2.154746,-0.3664715925,-0.04779863499999999,0.231953145,1.0602773,2
7600,-0.00044473430000000033,1.2646567414960581,-3.158527,-0.45419633,0.12828540500000002,0.50179267,3.4669285,-0.014842732620000005,1.0144157019025422,-3.2122226,-0.5083384525,0.029536247999999998,0.59477615,2.4743402,0.019474779600000006,0.7208653389260264,-1.2816566,-0.42844659,-0.03546381,0.427962245,2.1138306,2
7650,0.16187643166,1.6272461688143216,-3.7474666,-0.7757513549999999,0.29803276,1.3121171,3.215932,0.270220656,1.1874538881196028,-2.593977,-0.5128449174999999,0.42072867999999997,1.1664062999999998,2.2829428,-0.11046613047999998,0.9294993329980482,-2.263952,-0.533588555,-0.040573984,0.46341365749999996,1.9338394,2
7700,0.03146127569999997,1.2773417112101833,-3.3516994,-0.5285093775,-0.118427755,0.7836853349999999,3.9257393,0.192381379552,0.9784060951066617,-2.6690068,-0.2319424125,0.137809277,0.833552605,2.1063874,-0.10093656322000005,1.0943108466695333,-3.8749087,-0.8591670499999999,-0.065417255,0.477564865,1.9687469,2
7750,0.17143089404,1.4351547289203699,-3.9996917,-0.43756437000000004,0.205644605,0.67541766,6.330779,-0.004516205599999992,1.722310964974331,-4.7300835,-0.8544449575,0.010903835,0.644138,7.2995925,0.035479983080000006,0.8932268209504672,-2.57383,-0.3698535525,-0.0065472425,0.6369371,2.1561863,2
7800,0.2607507587,1.9637942332626883,-5.105434,-0.8112855175,0.16610825,1.3844336000000002,5.0694575,0.11715719812000003,2.3583993374365453,-3.7646675,-1.59426595,0.26944065,1.362794025,7.9046807,-0.05046582438,1.3802124628269783,-2.525312,-1.08487335,-0.0257205145,0.961502925,3.1209545,2
7850,0.053790899919999975,1.067118441534054,-3.0310044,-0.3326982875,0.043029307,0.40597248,3.2038288,0.14356475145999997,1.5157541193312545,-3.8961592,-0.6277046125,0.0553307525,1.07982639,3.9605389,-0.008898050040000008,0.9267359228821966,-2.2401896,-0.769983815,0.09463107700000001,0.444779725,2.0052757,2
7900,0.10135971604000005,1.7013138516866768,-5.834013,-0.6337780975,0.31584024499999996,1.00884175,3.3885665,0.07328026787999999,2.5028541956414005,-3.6904593,-1.6923795,-0.489295005,0.886624215,8.068564,-0.13665916162,1.030667683013328,-2.3839602,-0.76317172,-0.2672818,0.54809568,2.3249636,2
7950,0.07658440172000001,1.0703100194852007,-3.843567,-0.2601606875,0.049789906,0.43517268,3.6421742,0.08765459465999999,1.0555664705951806,-2.7558374,-0.39556837,0.094993114,0.5419013325,3.9383483,-0.11311856931999997,0.7170981142467547,-1.7529123,-0.650569525,-0.122916045,0.28400706499999995,1.4777253,2
8000,0.11663021711999998,0.5275835604112958,-2.3959324,-0.037736296999999995,0.120105267,0.26294053,1.2559571,0.05466992591036,0.7628568347533696,-1.5958538,-0.40105390750000003,0.054843902,0.5123033499999999,2.3063474,-0.08198854735399999,0.4896102708378485,-1.2221084,-0.3587572,-0.19002992000000002,0.26981723750000003,1.1375597,2
8050,0.1906866974,1.9230848090926886,-4.8040123,-0.78301043,0.29213977,1.1714523,4.9603896,0.025647719820000005,2.4523646635184466,-4.6914682,-1.331533425,-0.25222301,0.89735925,8.304636,-0.015577353799999995,1.1328978065579483,-2.341739,-0.759573475,0.054625035,0.69216755,4.035503,2
8100,0.024094207939999945,1.6087203230006453,-4.4881396,-0.5918633,0.049631834,0.8420433875,4.7054944,0.3438485565999999,2.853654788380388,-5.0204782,-1.39883545,-0.299209125,1.1337758,8.804481,0.017729822967999995,1.599201506372836,-2.702057,-0.986610325,-0.12107746300000001,0.487019765,4.6735363,2
8150,0.22326107376000004,2.1582207197632695,-5.2180967,-1.38615665,0.666682005,1.68025245,3.6698422,0.06930311330000007,4.241750599922323,-8.7104225,-2.055357,-0.7871093849999999,1.9012253499999998,11.642083,-0.20982647856,1.8351855812662912,-3.127792,-1.579071475,-0.33864698,1.0940509875000002,3.9419472,2
8200,0.02979665580800001,0.9146752680753077,-4.727194,-0.188506365,0.07875895499999999,0.38382495,2.4004493,0.23282405296000003,1.293655411819086,-3.0767307,-0.36709212999999996,0.178813455,0.5767161825,6.176383,-0.22000338910000003,0.9451698261799764,-3.063668,-0.7330648575,-0.25358464999999997,0.310074015,3.051489,2
8250,0.08938287647,0.24815683030679905,-0.5620036,-0.0825450425,0.101616145,0.200797085,0.8746135,-0.035977184493999996,0.5452263793622443,-1.3924994,-0.4346961975,-0.01026844985,0.37662697,0.9159789,-0.24565597348999998,0.42796795274648797,-2.092708,-0.3850809325,-0.182214705,-0.012865610375000001,0.8542094,2
8300,-0.10272033236000003,0.3625287666349053,-1.2044649,-0.299896545,-0.06501257399999999,0.18479872,0.6202693,-0.19372322892000005,0.6110416247373787,-1.4335582,-0.56750947,-0.142333745,0.281409915,1.1394846,0.006519824047999985,0.5285722169710567,-1.0653529,-0.3546843525,0.07328415,0.35841203,1.6762633,2
8350,-0.06873485081799997,0.941078018492976,-2.1740875,-0.596454255,-0.05758238,0.580672275,1.9817181,-0.031184467380000015,1.386027720115257,-4.388248,-0.7346222975,-0.015306711500000004,0.665836875,3.8263426,0.03572618284000002,1.1254143016076201,-3.2896583,-0.564118975,-0.13450098,0.6547432125,3.2856112,2
8400,-0.0723664864,0.8861820004228568,-2.5060096,-0.5914406999999999,-0.054923295999999996,0.40515208,2.5585904,-0.03866398643999998,1.8311384133253583,-4.1184607,-1.0382572399999999,0.015412569000000001,0.642881625,6.582819,0.13099499222,0.9603315531637143,-2.3221726,-0.361282115,0.31777024,0.725598695,2.1774845,2
8450,0.12852466503,0.82613668446263,-1.5986376,-0.37169051000000003,0.152194975,0.764462925,2.2892966,-0.20355222679999996,1.6297301886466058,-3.8284822,-0.9639346599999999,-0.33091879,0.4196471625,5.9171124,-0.024892576640000018,0.8155973535567752,-2.9700193,-0.3907030825,-0.017570733499999998,0.48366904,1.8462386,2
8500,-0.05396994394000003,1.5450427172248042,-3.2658982,-1.22434795,0.0630846,0.5929894450000001,4.628932,-0.05907036580000002,1.6282042270428816,-4.3546176,-0.8632339275,0.051787614999999995,0.7862235875000001,5.33241,-0.15041461371999998,1.5827213922675047,-4.667238,-0.693062665,-0.0602481365,0.7249504175,4.248149,2
8550,0.07184107917999999,0.7909313868409226,-1.8992945,-0.3903408625,0.034185171,0.5289664375,1.9471564,-0.03068607103399999,0.4539012511006602,-1.2739701,-0.19841671249999998,0.0067832471499999995,0.184689285,1.1745553,-0.02290011006999999,0.48550601186476905,-1.00701,-0.27323949,-0.02408003825,0.2377507075,1.2069664,2
8600,-0.052848109652,0.5975121352422952,-2.2045386,-0.30555176500000003,-0.020294070299999998,0.3134789475,1.3126955,0.0007218679999999855,0.7739886796435959,-1.6313004,-0.45371211,-0.12826109000000002,0.45830083,2.069719,-0.03726810388000001,0.6883002906593559,-1.6603727,-0.37737639500000003,0.001494765000000002,0.2894942775,1.6238947,2
8650,0.06931175249000002,0.7699432605308613,-2.2085242,-0.18430001000000001,0.009562849750000001,0.29669499499999996,2.2503724,-0.12503111845999998,0.8883933308705703,-2.4857779,-0.726483475,-0.145424367,0.496944175,1.69594,-0.009059877652000042,1.0203646578245376,-2.3057022,-0.68449245,-0.007138967300000001,0.715968875,3.2092571,2
8700,0.034333273113999994,1.11372323428453,-2.6999779,-0.6070924974999999,-0.03395986715,0.4370434875,5.3184357,0.1493849368,1.759121676645786,-2.7500076,-0.78471281,-0.22247958499999998,0.7311955674999999,6.467455,0.029546695399999986,0.9136979601797524,-2.6357687,-0.6163758025,-0.026921749000000002,0.6213309775,2.159544,2
8750,0.074843111666,1.2704310598581472,-2.8995879,-0.447733345,-0.014292359350000002,0.658941395,5.2379937,0.05423107020000001,1.9079477710012684,-4.300719,-1.1421371500000002,-0.01170062999999999,0.7653067100000001,6.3825593,0.03496022720000002,1.0442032115167723,-2.5848238,-0.583423275,0.08318972499999999,0.7085338825,2.1009564,2
8800,-0.052255249259999983,1.118673523427109,-2.4817014,-0.6828916,-0.032300591499999996,0.76620656,2.299719,0.04324537686000005,2.0709787543319575,-4.4432087,-1.0032054425,-0.088947535,0.6938046250000001,7.2632065,-0.11316482224000002,0.9034665960094734,-2.2721424,-0.52444375,-0.060298203499999994,0.6223165749999999,1.3400273,2
8850,0.08528700354000002,0.8521543717408003,-2.5192175,-0.2926340125,0.072010994,0.48041791,2.3829908,-0.23609784327999997,1.7273590757584456,-4.8830857,-1.153416425,-0.29485154,0.54317963,4.3876863,-0.073947591,0.8735417333475991,-3.210412,-0.5377693175,-0.1107749925,0.4572957675,1.7935972,2
8900,0.034471799347999994,0.7319504233339218,-1.4821277,-0.38182347,0.15155399,0.4660564,2.2893393,-0.037325437393999975,1.1037093119133523,-2.9246325,-0.2716587775,0.052741051,0.7037512125000001,2.2879367,0.03081786482000002,0.7787793313662751,-2.5501192,-0.264544015,0.08278095799999999,0.5063977900000001,1.5721092,2
8950,-0.036098561239999986,0.7339495635227259,-1.7640476,-0.4944588575,0.004398464999999997,0.4277318125,1.4601059,0.03348830099999999,0.68226233832238,-2.8463917,-0.35442877250000004,0.0380609035,0.368210555,1.3741331,-0.16490483253199997,0.6265905225562791,-1.9710319,-0.5606022774999999,-0.07801947000000001,0.1846379025,1.1277428,2
9000,0.035873104206,0.37756910293150225,-1.1296228,-0.1142989425,0.07576382,0.14497793,0.83225286,0.05583035836799999,0.722184907705836,-1.6119757,-0.2388316375,0.046803713499999997,0.3809827575,1.4169617,-0.03157338381399999,0.7263315624684353,-2.05127,-0.3159991475,0.028275728649999998,0.3639469175,1.5645788,2
9050,0.05346495977600001,0.24954035813038214,-0.27731848,-0.09084799625000001,0.0053105354,0.1434620025,0.90196556,0.065697003308,0.2135892575122831,-0.33835983,-0.08514308749999999,0.06512498850000001,0.1838767525,0.61553097,-0.11832994465099998,0.209536995008394,-0.83324504,-0.198738815,-0.103024483,-0.0017657279874999999,0.28780842,2
9100,-0.05358297362,0.5271016865364013,-1.1577744,-0.3645890925,-0.0560076235,0.22125304,1.0839629,-0.07092468392,0.5213114743090044,-1.1997862,-0.4574071125,0.042690755,0.195921185,0.9290161,-0.011722476063999987,0.4176757754838255,-0.9777223,-0.226830485,0.017794371,0.216369335,0.79431677,2
9150,-0.051142119185399994,0.6559791003109275,-3.2265675,-0.11672544375,0.0028307437499999998,0.1665478925,1.7024403,0.004680986419999977,1.6134582502394972,-9.974628,-0.1924140425,0.0595109465,0.3994349225,3.1476583,-0.05563605412000005,1.7120362955473962,-4.5003653,-0.2919912975,-0.055080235,0.1107947825,9.293778,2
9200,-0.06474875949799999,0.2825035535028531,-0.678668,-0.088788391,-0.013285874999999999,0.065434933,0.547276,-0.06063021597999998,0.36043615070708573,-1.4501619,-0.1109449875,-0.0221850875,0.089389684,0.5590558,-0.02328306510719999,0.5384810500012644,-0.97137517,-0.304360725,-0.023076013,0.05304226225,2.4079134,2
9250,-0.04462260032267995,1.4537240584859463,-3.5156972,-0.3636547425,-0.1108934875,0.420120365,6.108307,0.105596047,1.9076379286797638,-6.3164754,-0.6793929375,0.0912723525,0.66689754,8.012693,-0.33319236191999996,1.8926427908021897,-10.5577965,-0.4240864525,-0.108659638,0.3626866225,2.3127704,2
9300,-0.04964068654399996,2.0700639356660173,-3.5970552,-0.603688855,-0.09843898000000001,0.20336174750000002,12.321377,-0.05649481294000001,1.8869330778214022,-10.40333,-0.5613480875,0.0631318075,0.8750561575,3.2349274,0.024048162054399996,1.4091224735837533,-7.073024,-0.3813500425,0.136084797,0.5602294225,3.2246482,2
9350,0.11790175339799999,2.0821249784596536,-4.417642,-0.37795662750000003,0.0054647924499999995,0.3276786775,11.190491,-0.14915462379999997,1.541907855166325,-6.2818384,-0.610979325,-0.1126318,0.37265253,5.0098276,-0.24043836932000004,0.8595275025590897,-3.4828115,-0.527990045,-0.08023828250000001,0.2017955425,1.6648335,2
9400,0.08400631848,0.5104615442391509,-0.88857555,-0.36580062,0.055097102999999994,0.49283610000000005,1.5514851,-0.08211102882399998,1.0219837292359333,-3.51862,-0.5083844625,-0.0216116906,0.448793055,2.3515077,-0.137610902154,0.7803609093908026,-2.0898862,-0.5200432825,-0.02471971485,0.33115672500000004,1.9189396,2
9450,-0.01180545329999991,2.401332444423158,-5.179239,-0.677555925,-0.22238016,0.35101378000000005,12.702748,-0.08311868416000001,2.1482851268905243,-5.17249,-1.1854247,-0.08741617400000001,1.1104367750000002,6.595621,-0.0874292189,0.9138107353624357,-2.7272615,-0.66332868,-0.111279844,0.43847045500000004,2.0156643,2
9500,0.07214152246000007,1.8456727957020922,-4.0054007,-0.5838349,-0.0286660195,0.4572027825,7.984889,0.16514361205999997,1.3785748908446818,-1.8925095,-0.6418873,-0.14133811000000002,0.7699946249999999,4.6672287,-0.31133943972,1.6055051994325042,-7.938567,-0.313862915,0.0357370375,0.377265395,1.5643351,2
9550,-0.001253912099999993,1.1121056743862758,-2.3728619,-0.49017440749999996,-0.055299283500000004,0.35503041999999996,3.4996052,0.1326083016,1.6507101760226326,-4.130487,-0.73925758,0.083663224,0.8638303875,4.1413174,-0.22043889330000005,0.8622277201797708,-2.8423383,-0.7457425875,-0.23149431,0.383432835,1.6746511,2
9600,0.15209218201999997,1.940642607862351,-2.2032256,-0.39744711,-0.04194641,0.40705407,10.336084,0.050097327999999976,1.0868760994868405,-2.6425533,-0.634055845,0.130713225,0.6227359775,3.228429,-0.3677483132399999,1.362707660212093,-7.354992,-0.6415889875,-0.364701985,0.372007075,1.9385071,2
9650,-0.041007259780000034,1.3238909002956885,-1.7638068,-0.5222085725,-0.08942866499999999,0.121522425,7.3561506,0.04030926367999998,2.0504353383684553,-9.84864,-0.7769585825,0.058192015,1.06258105,6.2970047,-0.051844066799999984,1.0735532825376408,-1.7280266,-0.60261655,-0.127312425,0.4269452975,5.368705,2
9700,0.060598959000000036,1.9874399775945237,-4.289423,-0.734480865,0.042894125,0.6456787625,7.8301153,-0.06818200188000001,1.1422893452756957,-3.6170678,-0.7682992399999999,-0.0305218705,0.7065716949999999,2.008226,-0.38186188454,1.044744193606755,-4.6128945,-0.697791925,-0.191625355,0.18424862749999998,1.305723,2
9750,0.15708534852,2.0535539888541887,-3.5834754,-0.9951602375,-0.147521015,0.62592329,7.194457,-0.13530617631999994,2.0882387543272585,-9.37167,-0.38441921,0.17005825000000002,0.7826300749999999,3.7448926,0.08698748944,1.2382848983016836,-2.9183023,-0.551522855,-0.048180222,0.78975785,3.8993201,2
9800,0.08680616585399999,2.603161126487396,-4.5239334,-1.058304525,-0.30649758000000005,0.416687725,8.769877,0.17135146141999996,1.3807921084325423,-2.7254744,-0.517755155,0.005283594,0.818243685,4.9670815,-0.49609202656,1.9079936565047275,-9.348766,-0.8113425,-0.009092449999999998,0.5428128750000001,2.9003668,2
9850,0.05486322536,0.5926400285126772,-0.98556614,-0.3333437475,-0.017631531,0.3803079125,1.6162572,0.025217803969999987,0.8852649068004677,-2.5254707,-0.42723477,0.040875913,0.5698313749999999,2.3215775,0.10563164284000001,0.7127235216757457,-1.2781882,-0.2398000975,0.085695758,0.581455785,2.145637,2
9900,0.06919377324999999,0.060104013758232315,-0.06532383,0.02759742775,0.063787698,0.1184512375,0.18780756,0.045069637272,0.10555906185212599,-0.20723248,-0.028487085750000002,0.051923751500000004,0.10565269,0.35956717,-0.014840600905000006,0.12463847456918677,-0.37416828,-0.076826004,-0.009387969999999999,0.02578076675,0.53502226,2
9950,0.063712816748,0.0750031974785697,-0.10366058,0.025161505,0.057450533,0.09665310499999999,0.30090332,0.021743802818,0.06810909362400776,-0.20534945,-0.00418257715,0.0207893845,0.053095102,0.20872307,-0.008999905759999998,0.06338692041255539,-0.12496579,-0.0597429875,-0.020520806,0.035919427500000004,0.12346506,2
10000,0.11899004035079999,0.14796489873126684,-0.33622503,0.0416579845,0.12440061499999999,0.191266475,0.45630074,0.05801619469000001,0.33819608727500966,-1.547688,-0.029157877000000002,0.1090009225,0.24648380749999999,0.5992136,0.035875716406,0.1928085154780656,-0.40090466,-0.0769036425,0.037814736,0.11948579250000001,0.5915601,2
10050,0.09374130207,0.378121852049922,-0.5366671,-0.222955525,0.065211057,0.40118002500000005,0.8991823,0.054986267,0.2293920319306182,-0.61704874,-0.043310641999999996,0.109771965,0.203060145,0.48920155,0.0015628269000000016,0.23587341042082666,-0.50802374,-0.1196171925,0.041531206,0.13924503,0.74053,2
10100,-0.022743890699999988,0.48650368069534056,-0.9881935,-0.209083795,-0.06880736300000001,0.128114105,1.2216692,0.03491972889599999,0.5026257676110426,-1.1988378,-0.22347903,0.0327773085,0.3190460175,1.33319,0.019544940800000004,0.5643476732722916,-1.3529476,-0.299518785,-0.063941897,0.279028955,2.0764394,2
10150,0.089739942658,0.2062116705979445,-0.5168996,-0.030570745500000003,0.094157935,0.2282658775,0.4942956,0.027843722252000006,0.3249601507695616,-0.5891638,-0.20309710749999998,0.07825613000000001,0.20878196,0.83874226,-0.048405487925999996,0.24362076839703029,-0.69969404,-0.19674944,-0.055058286,0.09428866999999999,0.5334934,2
10200,0.025647220473999997,0.11456631631032255,-0.34928417,-0.0345220565,0.023795843,0.08922994000000001,0.43013334,0.021496297359999996,0.25729600650514084,-1.3957114,-0.03780460375,0.062874795,0.1112194075,0.6163316,-2.351831800000287e-05,0.21771755529778283,-1.0426853,-0.0617470575,0.007548849850000001,0.066066647,0.89676756,2
10250,0.0219998743196,0.049374356164351874,-0.16837311,0.000459909435,0.017848492,0.0456098305,0.1309681,-0.008477945340000001,0.11630639146317037,-0.46305943,-0.052636862,-0.0125083925,0.0511125325,0.30496454,0.0036254327320000015,0.05879037249889659,-0.15071961,-0.028419167000000002,0.0111836495,0.037168099,0.14476597,2
10300,0.0220578003986,0.05575653975781515,-0.1096735,-0.0121382475,0.01717948875,0.05232465225,0.15552664,-0.010912056024000003,0.12419478141812623,-0.4496441,-0.04569935775,-0.012465476999999999,0.035015225750000004,0.4921217,-0.0006870097240000005,0.055403831026149944,-0.15482229,-0.02896367025,-0.00244773925,0.02835952475,0.12249696,2
10350,0.031044704049999997,0.29593501705852854,-0.66402817,-0.045349955,0.034450531,0.0775719875,0.88432264,-0.089193067296,0.27618015855617817,-1.0605831,-0.17541266,-0.043808699,0.07060086575,0.43685818,-0.09217991054799998,0.34723203678491915,-1.0963006,-0.14163580250000002,-0.0275206865,0.0470546795,0.7223773,2
10400,-0.0036851775800000068,0.393807759892033,-1.1615381,-0.17874693749999998,-0.0008277895000000004,0.17979467,0.9830723,-0.06867086154,0.48583458993039585,-1.9487758,-0.258570085,-0.094312787,0.08830893125,1.9155422,0.026093606892,0.22287539678200596,-0.43980837,-0.1527346375,0.0180330275,0.15376483999999999,0.60977554,2
10450,-0.048892952403999976,0.7553070113633757,-2.7136433,-0.230485555,-0.05713606,0.318739165,1.7975049,-0.01045767608,0.6215057728069521,-1.4390717,-0.409485625,0.0373334885,0.27776414,2.2312498,0.045408914800000005,0.3981604076368524,-0.8371463,-0.2517410525,0.050264835,0.24517608,1.1234274,2
10500,0.10749308280999996,1.737122797819893,-3.1705682,-1.0752887750000002,0.28545189,1.344426125,4.2759194,-0.09554854086860001,1.153068019482248,-3.0722857,-1.06605325,-0.0818409925,0.806434765,2.3634953,0.013595943019999984,0.6035019634913018,-1.4980416,-0.4415473975,0.031688452000000006,0.3903138625,1.2517176,2
10550,-0.0707168431719999,1.8988165270603237,-3.4260237,-1.509351975,-0.30865216,1.359059225,4.763442,0.07654340493999998,1.3640790064372286,-2.1187024,-1.0389263,-0.023454606499999996,0.8653347,3.7650273,-0.0008463208400000077,0.7607936659503761,-1.5391631,-0.5233707375,-0.112104655,0.6665141575,1.3427162,2
10600,0.06422200317999996,1.5912705685252901,-3.5765643,-1.2065419,0.029105186499999998,1.184320475,3.7037883,-0.06384800519999997,1.3484168502134672,-3.0816083,-0.6914209625,-0.26177025,0.712765,2.6466236,-0.022667637359999993,0.8440009320889117,-2.4123144,-0.5341966125000001,0.07250476,0.4203253975,2.088849,2
10650,0.08186767401999999,1.755114920846563,-4.1302333,-0.6904275625,0.301168915,1.105128625,4.1417174,-0.044339510599999986,2.56331023297808,-5.098794,-1.39263055,-0.655340365,1.348917525,7.0815744,-0.03213205401999999,0.9822936753968351,-2.054665,-0.53150164,-0.018297672499999997,0.5142527874999999,2.8949175,2
10700,0.13928974962000004,1.7032422551762252,-4.375534,-0.68364156,0.4564762,1.0807719,3.8139043,-0.07384496899999997,2.839218163969463,-4.3758345,-1.870886075,-0.767372065,0.9679735924999999,8.850623,-0.11084366032,1.2547224296003183,-3.1073635,-0.69929145,-0.1815083,0.760279535,2.2640233,2
10750,0.07107771122000005,2.068291042283585,-3.893772,-1.393045325,0.13652753750000002,0.97366774,6.2143154,0.009133116759999982,2.770948892259278,-7.817524,-1.50537305,-0.51169686,1.739546325,6.89824,-0.1291006149,1.2577442051958216,-3.1778004,-0.7989166999999999,0.088537455,0.77702405,2.1697698,2
10800,0.049015424360000025,1.3420110157007266,-4.260313,-0.3074810475,0.117994785,0.4128641,6.373335,0.02743711667999995,1.4464000311329364,-3.688028,-0.775198475,-0.009827137500000003,0.496401535,6.0267253,-0.10058825067199997,0.8108563103143841,-1.9999938,-0.55236804,-0.06378484,0.338428855,1.964469,2
10850,0.09984861394799999,0.27993356793051616,-0.6501255,-0.0796990425,0.0996995,0.2877562075,0.8960357,-0.08581642970199999,0.47512427176283323,-1.2883439,-0.3843916,-0.082336902,0.27810687,0.8528986,-0.08039916946400001,0.4340415402178787,-1.0811043,-0.2939339875,-0.0548076625,0.04728591475,1.5658317,2
10900,0.059700047646000017,0.8692652132818287,-3.1585934,-0.229204655,0.0339672575,0.447655435,2.1383877,-0.05930745909999998,1.0913646948085618,-3.8523145,-0.4312537925,-0.068107785,0.3675672375,3.9641242,-0.05301301089999997,0.7985631335463234,-2.733605,-0.4944373325,-0.10606623,0.29379391499999996,2.6599455,2
10950,0.17386594635999997,0.6129062421290502,-1.1620102,-0.25915610499999997,0.14109969,0.641754505,2.000545,-0.04373173133999999,0.7847792408463784,-2.0281076,-0.576816825,0.07444179000000001,0.58160353,1.7198994,-0.113477936246,0.6638572058635729,-1.4847426,-0.5513675425,-0.11469555,0.237077115,1.5428996,2
11000,0.04632869637999999,0.4867693137386513,-1.0824533,-0.2295110225,0.058378697,0.359955905,1.0474153,-0.07400745311999998,0.6133653114515294,-1.6507058,-0.4462162325,-0.11903512499999999,0.32165038749999997,1.6736248,-0.020809839874000008,0.5251272707821906,-0.95452356,-0.409941315,0.046682596,0.28810691499999996,1.4336247,2
11050,0.15117908559999996,1.4744186107542412,-3.529167,-0.810840625,0.151642325,1.170085925,2.9934688,-0.18069015008,3.322785144736321,-6.640074,-2.525971075,-0.56684972,1.0419019125000002,8.253261,-0.16321026919999998,1.5679099277686557,-3.161974,-1.262336975,0.02208447500000002,0.756410115,2.401216,2
11100,0.06118893725999998,1.6173043164684682,-3.4475255,-0.78224995,-0.038061857000000004,1.0776947749999999,3.7142673,-0.04369982597999997,3.2076712927748314,-8.941562,-1.8600357,0.0388679505,1.296141725,8.962101,0.06556358468800001,1.8341472231905134,-3.6154978,-1.1168484925,0.21962595,0.972319725,6.0953856,2
11150,0.09768387293999994,1.8951897243929967,-4.187696,-1.06541325,0.08346605500000001,0.848644865,4.2812204,0.13012825679999995,4.434707071061067,-11.852677,-2.4936352,-0.22414594999999998,3.3087151,8.038015,-0.15042662272000004,1.8063337644658473,-4.748763,-1.4185720499999999,0.425266745,0.9448174,3.173254,2
11200,0.22430616450000002,1.49582913119061,-2.5065107,-0.87954449,0.036301613499999996,1.490531475,2.9446058,-0.09253436152000004,4.940307323535791,-10.814025,-3.525035275,-0.513812065,3.063027775,11.598996,-0.1732681695,2.2498489547297478,-6.527779,-1.919893925,0.336531885,1.297772375,3.516449,2
11250,0.13217865876999998,1.1865351044777397,-2.5762844,-0.48230874,-0.15423036,0.6835197175000001,3.2097144,-0.09221525211999997,3.1980563395264143,-8.224631,-1.851948725,-0.054567458,1.464532675,6.46834,-0.23132995779999996,1.0503688705962042,-3.015183,-0.8237453699999999,-0.23388552499999998,0.3993709,2.2134018,2
11300,0.07560039674000002,1.8997996038289369,-2.921186,-1.356393475,-0.400170325,1.431533575,5.285205,0.02037497420000002,4.6147179151274464,-9.766917,-3.5094847,0.54535041,2.94784855,9.423251,-0.13958761629999997,1.6583628780780144,-3.1141229,-1.50278725,-0.1649200875,0.9551832725,4.13073,2
11350,0.01754532949999997,1.6711956542389206,-2.6700463,-0.9630510875,-0.149426935,0.9020911475,3.97932,0.16051281812000007,4.800247971265277,-12.490627,-2.506772775,-0.151510657,3.223857975,10.408453,-0.07740398473999996,1.8264710796027261,-5.1949797,-1.0881668175,0.11565184749999999,1.4074588749999999,2.7375226,2
11400,0.17508127128000006,1.3624967450105674,-2.8291388,-0.58131945,-0.10058093100000001,0.886395475,4.9446635,-0.17614020719999995,3.4900411426634648,-8.960125,-1.0572044,-0.0486893655,0.85654553,10.220753,-0.29589453926000003,1.474302729605545,-4.2315483,-1.1674392,-0.11595249,0.66395711,3.0361195,2
11450,0.148943343294,0.36213176723663265,-0.84514785,-0.07087874450000001,0.203763005,0.3612053425,1.1828113,0.010644348265999994,0.3819801049968307,-0.89118147,-0.19716609,-0.01143217085,0.1898330425,1.2240548,-0.04325206245999999,0.295205909752596,-0.7556906,-0.19194996250000002,-0.0697934615,0.1129133125,0.7345443,2
11500,0.123213043486,0.17838067325768703,-0.33270788,0.02053582625,0.15025139,0.23969996,0.4920559,0.020471992044,0.18823357954894854,-0.3335514,-0.0963317155,-0.00385689735,0.14434922,0.5463848,-0.045266203833999985,0.22217359038618012,-0.52151203,-0.1987791075,-0.012908697,0.06971216,0.51113987,2
11550,0.1319680022,0.13734775355986595,-0.16131973,0.0470441575,0.13435793000000001,0.21392608000000002,0.42813683,0.010441875484000001,0.12219454195435571,-0.3307948,-0.0621410635,0.021396875,0.06927383,0.31959963,-0.05300034480000001,0.13813489097108583,-0.39472532,-0.13998568,-0.0599529725,0.055160999,0.20346785,2
11600,0.04481523552200001,0.34139022593423707,-0.77930593,-0.146108985,0.0659372815,0.2726455925,0.9394078,-0.1726056594572,0.4662009941011946,-2.0652852,-0.37273334999999996,-0.126173015,0.0396672485,1.1083667,-0.09179483368,0.3149329343332566,-1.0661702,-0.3429763275,-0.0946333425,0.1198050975,0.4652381,2
11650,0.03528383807999999,1.5976979223473042,-3.1223545,-0.9526223025,-0.11851144,0.98876855,5.6636353,-0.00014181080000001068,1.8479495266316708,-4.4943624,-0.92339925,-0.13829288,0.5493370625,4.4133835,-0.08293530118000002,1.0476140704961976,-2.9306698,-0.5865191224999999,0.038905144,0.6605050525,1.5927639,2
11700,0.007249311320000023,2.226407504901392,-5.440899,-1.48871825,-0.09183526,1.13288185,5.8328485,0.019804826027999968,3.1301799287134893,-8.237801,-1.5250322500000002,-0.03937935780000001,1.8352381,6.3768687,0.009185943227999966,1.3434613065161025,-3.5014632,-0.8383924875,0.22423863500000002,0.751578095,3.247692,2
11750,0.23904411507999992,2.7826771581923704,-4.041298,-1.15995695,-0.13734436,1.6783774249999999,8.113459,-0.05399932059999987,2.935974959597196,-6.9127235,-1.7085058499999999,-0.355609715,0.8704174625000001,5.7457027,-0.12595199459999995,1.5311155195177861,-3.6466246,-1.315888675,-0.215722085,0.6225488100000001,3.5907402,2
11800,0.22505978706000002,1.7306233788215817,-2.884441,-0.9445724375,0.1080911165,1.28361405,4.8781996,-0.3298603152,3.1964836146913034,-9.374054,-1.786052725,-0.49065380000000003,1.4202555749999999,6.9373527,-0.033454571379999985,0.8758814204527685,-3.0372014,-0.47679139249999997,-0.08714485,0.506340725,1.712368,2
11850,0.129474158,1.863758077381022,-3.498157,-1.0788151,0.18756699500000001,1.441837625,4.3920403,-0.05384218018519992,3.555870580869284,-6.291795,-2.469695925,-0.231619955,1.379307725,8.774391,-0.16667383139999997,1.166623702418863,-2.8582275,-0.9855389625,-0.21784567999999999,0.70118809,2.0657153,2
11900,0.09208455179999998,1.6803158663065163,-3.7469215,-0.7887290849999999,0.19883418,1.088954925,3.5631466,-0.015748101260000022,2.9793089708980633,-6.0046263,-1.908897825,0.0239622595,1.48156995,8.393222,-0.016090738860000012,1.5498244741109028,-4.174489,-0.640718705,0.15761423,0.9571625175,2.9552402,2
11950,0.15588015464,1.7763658955760433,-3.917886,-0.9776535000000001,-0.298998365,1.341712375,4.0520797,-0.06862228339999994,3.0528030652536384,-8.057993,-1.0348086175,-0.027949989,1.058122275,10.582483,-0.20755720336000003,1.4188347860468187,-4.6563845,-0.923315645,0.076679229,0.610810735,2.6867862,2
12000,0.172813167636,0.5400847324589748,-1.1642003,-0.04085791175,0.14904261000000002,0.32878518,1.7285719,0.04617978064,0.42546092448601014,-1.683753,-0.12362193625000001,0.0746827125,0.19515538500000001,1.3009415,0.028143502914000012,0.4955640473434282,-1.0404274,-0.187653895,-0.0114717485,0.1091545075,2.420983,2
12050,0.13418924303000002,0.09928685097394069,-0.22869301,0.08459913725,0.13756299,0.1827775225,0.3737235,0.10266175277520001,0.14565563488886402,-0.28174496,0.0442662235,0.1125805375,0.20068312,0.37446308,-0.012661908973999998,0.08630175899559314,-0.17572361,-0.065293549,-0.028123513000000003,0.0574191135,0.17800161,2
12100,0.15398277187,0.2391156232730301,-0.4614377,0.0583024025,0.130754945,0.2240134475,1.0091829,0.09034871254400001,0.36656193450394975,-0.9888258,-0.11656236875,0.133520125,0.213599085,1.0729709,0.08328343321999998,0.39834136023201727,-1.062701,-0.1294595,0.07214975500000001,0.32555031749999996,1.0811534,2
12150,0.25209499162000004,1.0741986136997759,-2.175065,-0.0218006375,0.12400555499999999,0.7024508625,2.7225718,0.06273977396000002,0.8939963261477473,-1.3561244,-0.4496086125,0.0194191935,0.4125647625,3.417029,-0.3345465805799999,0.9726761899783348,-3.1350656,-0.9488504,-0.25349450500000004,0.4375206525,1.4425521,2
12200,-0.0735618296935484,0.43707849260696763,-1.967231,-0.0834832175,-0.027041435,0.16599274,0.40441322,0.008772005828387091,0.3189491836034122,-0.8266611,-0.194799425,0.010711193,0.178619865,0.806685,0.17140024099999993,0.5216962359338291,-0.40879822,-0.16524219499999998,0.017195225,0.29502058,1.5570388,2
