time,x,y,z,abu
1.373285420E-1,5.746084079E-2,-1.340752989E-1,2.873042040E-2,1.486720251E-1
1.573329690E-1,-2.873042040E-2,-7.661445439E-2,-9.576806799E-3,8.238280710E-2
1.773258850E-1,-7.661445439E-2,-4.788403213E-2,5.746084079E-2,1.070719542E-1
1.973388540E-1,1.915361360E-2,-5.746084079E-2,1.915361360E-2,6.352534968E-2
2.173357810E-1,-8.619125932E-2,-2.873042040E-2,5.746084079E-2,1.074993882E-1
2.373344790E-1,-2.202665508E-1,3.830722719E-2,-2.873042040E-2,2.254112555E-1
2.573718750E-1,-2.394201756E-1,6.703764945E-2,-2.202665508E-1,3.321647487E-1
2.773304690E-1,-2.873041928E-1,3.830722719E-2,-1.532289088E-1,3.278570440E-1
2.973171870E-1,-2.106897533E-1,9.576806799E-3,-8.619125932E-2,2.278394622E-1
3.173277600E-1,-1.915361285E-1,1.915361360E-2,-2.873042040E-2,1.946237049E-1
3.373190620E-1,-2.202665508E-1,6.703764945E-2,-2.873042040E-2,2.320276641E-1
3.573686980E-1,-1.915361285E-1,6.703764945E-2,-5.746084079E-2,2.109072858E-1
3.773170830E-1,-4.213795066E-1,1.149216816E-1,-1.532289088E-1,4.628679941E-1
3.973279690E-1,-2.968810201E-1,9.576806426E-2,-2.011129409E-1,3.711553276E-1
4.173243750E-1,-4.213795066E-1,2.298433632E-1,0.000000000E0,4.799881875E-1
4.373307290E-1,-6.799532771E-1,3.160346150E-1,9.576806426E-2,7.559006939E-1
4.573436460E-1,-5.650315881E-1,2.202665508E-1,2.394201756E-1,6.519969857E-1
4.773192180E-1,-4.309563041E-1,1.819593310E-1,8.619125932E-2,4.756694938E-1
4.973218230E-1,-4.309563041E-1,1.628057212E-1,-1.532289088E-1,4.854978242E-1
5.173380210E-1,-2.777273953E-1,1.532289088E-1,-1.340752989E-1,3.443657799E-1
5.373315100E-1,-1.149216816E-1,1.340752989E-1,-5.746084079E-2,1.857011764E-1
5.573325520E-1,0.000000000E0,9.576806426E-2,-1.244984865E-1,1.570713063E-1
5.773313540E-1,-1.244984865E-1,0.000000000E0,-1.149216816E-1,1.694310067E-1
5.973228640E-1,1.915361360E-2,-8.619125932E-2,-8.619125932E-2,1.233885217E-1
6.173341660E-1,3.830722719E-2,-6.703764945E-2,-7.661445439E-2,1.087716173E-1
6.373371350E-1,-1.915361360E-2,-4.788403213E-2,-1.149216816E-1,1.259632262E-1
6.573493230E-1,-2.011129409E-1,2.873042040E-2,-4.405331016E-1,4.851198467E-1
6.773189580E-1,5.746084079E-2,-1.819593310E-1,-3.447650373E-1,3.940480647E-1
6.973372390E-1,-1.053448766E-1,-2.298433632E-1,-2.489969730E-1,3.548591371E-1
7.173228640E-1,-1.340752989E-1,-1.915361360E-2,1.340752989E-1,1.905760543E-1
7.373291140E-1,-9.576806426E-2,1.149216816E-1,0.000000000E0,1.495945020E-1
7.573214060E-1,-1.915361285E-1,-1.915361360E-2,-4.118026793E-1,4.545705623E-1
7.773227080E-1,-2.777273953E-1,-1.149216816E-1,-7.182605267E-1,7.786126657E-1
7.973470830E-1,-1.436520964E-1,-1.149216816E-1,-2.011129409E-1,2.725606954E-1
8.173200520E-1,-4.788403213E-2,-6.703764945E-2,-9.576806799E-3,8.293758018E-2
8.373254680E-1,-9.576806426E-2,4.788403213E-2,-6.703764945E-2,1.263267553E-1
8.573202080E-1,-1.149216816E-1,2.873042040E-2,1.244984865E-1,1.718496526E-1
8.773232290E-1,-4.788403213E-2,-3.830722719E-2,-9.576806799E-3,6.206480014E-2
8.973156770E-1,-2.681505978E-1,-3.830722719E-2,-1.340752989E-1,3.022389329E-1
9.174524470E-1,-3.734954596E-1,1.915361360E-2,-6.703764945E-2,3.799470564E-1
9.373308850E-1,-4.309563041E-1,2.873042040E-2,-2.681505978E-1,5.083832375E-1
9.577065620E-1,-4.213795066E-1,3.830722719E-2,-1.532289088E-1,4.500080341E-1
9.773305720E-1,-3.543418646E-1,9.576806799E-3,-9.576806799E-3,3.546006027E-1
9.973496350E-1,-2.777273953E-1,-1.915361360E-2,9.576806426E-2,2.943992003E-1
1.017330468E0,-2.489969730E-1,-5.746084079E-2,-3.830722719E-2,2.583963708E-1
1.037359895E0,-2.968810201E-1,-7.661445439E-2,-8.619125932E-2,3.184918333E-1
1.057329739E0,-3.256114423E-1,-1.915361360E-2,-1.053448766E-1,3.427640811E-1
1.077326510E0,-3.639186621E-1,1.915361360E-2,-5.746084079E-2,3.689246559E-1
1.097525937E0,-3.160346150E-1,2.873042040E-2,0.000000000E0,3.173378562E-1
1.117345364E0,-1.915361285E-1,9.576806799E-3,8.619125932E-2,2.102539820E-1
1.137327187E0,-1.915361285E-1,-9.576806799E-3,7.661445439E-2,2.065129012E-1
1.157337291E0,-2.489969730E-1,-9.576806799E-3,-2.873042040E-2,2.508319056E-1
1.177335729E0,-2.394201756E-1,-9.576806799E-3,-1.149216816E-1,2.657456088E-1
1.197356718E0,-2.489969730E-1,-9.576806799E-3,-9.576806426E-2,2.669508006E-1
1.217345052E0,-1.723825186E-1,-2.873042040E-2,0.000000000E0,1.747603210E-1
1.237306979E0,-1.532289088E-1,0.000000000E0,9.576806799E-3,1.535278923E-1
1.257315312E0,-1.340752989E-1,-1.915361360E-2,6.703764945E-2,1.511194664E-1
1.277331197E0,-2.298433632E-1,-9.576806799E-3,9.576806799E-3,2.302420510E-1
1.297325468E0,-2.011129409E-1,-5.746084079E-2,-8.619125932E-2,2.262235541E-1
1.317320833E0,-1.915361285E-1,-3.830722719E-2,-5.746084079E-2,2.036056984E-1
1.337324531E0,-1.628057212E-1,0.000000000E0,-9.576806799E-3,1.630871487E-1
1.357319062E0,-1.628057212E-1,0.000000000E0,8.619125932E-2,1.842135609E-1
1.377336145E0,-9.576806426E-2,-9.576806799E-3,1.915361360E-2,9.813306412E-2
1.397318176E0,-2.873042040E-2,-1.915361360E-2,-3.830722719E-2,5.157268294E-2
1.417312187E0,-7.661445439E-2,-4.788403213E-2,8.619125932E-2,1.248662818E-1
1.437319010E0,-5.746084079E-2,-4.788403213E-2,2.873042040E-2,8.012531319E-2
1.457311874E0,-1.340752989E-1,-6.703764945E-2,-1.915361360E-2,1.511194664E-1
1.477323176E0,-1.340752989E-1,-3.830722719E-2,3.830722719E-2,1.446066149E-1
1.497322031E0,-5.746084079E-2,-2.873042040E-2,3.830722719E-2,7.479725219E-2
1.517315989E0,-1.915361360E-2,-9.576806799E-3,0.000000000E0,2.141439101E-2
1.537315572E0,-3.830722719E-2,0.000000000E0,4.788403213E-2,6.132148227E-2
1.557311041E0,-6.703764945E-2,0.000000000E0,6.703764945E-2,9.480555305E-2
1.577310885E0,-4.788403213E-2,-2.873042040E-2,0.000000000E0,5.584189815E-2
1.597328020E0,-1.053448766E-1,9.576806799E-3,1.053448766E-1,1.492876462E-1
1.617330051E0,-1.149216816E-1,9.576806799E-3,9.576806426E-2,1.499007347E-1
1.637330051E0,-5.746084079E-2,0.000000000E0,2.873042040E-2,6.424317303E-2
1.657331666E0,-6.703764945E-2,-4.788403213E-2,-3.830722719E-2,9.085356698E-2
1.677345051E0,-1.628057212E-1,-2.873042040E-2,-3.830722719E-2,1.697014542E-1
1.697441510E0,-6.703764945E-2,-6.703764945E-2,9.576806799E-3,9.528802714E-2
1.717350728E0,-4.788403213E-2,-4.788403213E-2,1.915361360E-2,7.037486753E-2
1.737348801E0,-4.788403213E-2,-2.873042040E-2,-1.915361360E-2,5.903540042E-2
1.757317812E0,-3.830722719E-2,9.576806799E-3,1.053448766E-1,1.125020085E-1
1.777332083E0,-1.915361360E-2,2.873042040E-2,1.149216816E-1,1.199970452E-1
1.797327499E0,-1.149216816E-1,-2.873042040E-2,1.915361360E-2,1.199970452E-1
1.817322551E0,-3.830722719E-2,-9.576806799E-3,-1.915361360E-2,4.388644207E-2
1.837335989E0,-1.915361360E-2,-4.788403213E-2,-9.576806799E-3,5.245432942E-2
1.857697291E0,-2.873042040E-2,-2.873042040E-2,4.788403213E-2,6.279932042E-2
1.877340624E0,-7.661445439E-2,1.915361360E-2,6.703764945E-2,1.035890051E-1
1.897336405E0,-9.576806426E-2,-9.576806799E-3,1.915361360E-2,9.813306412E-2
1.917345155E0,-5.746084079E-2,-2.873042040E-2,5.746084079E-2,8.619126119E-2
1.937326041E0,-3.830722719E-2,-1.915361360E-2,4.788403213E-2,6.424317164E-2
1.957326926E0,-1.053448766E-1,-2.873042040E-2,8.619125932E-2,1.391111544E-1
1.977339062E0,-8.619125932E-2,-2.873042040E-2,4.788403213E-2,1.026998090E-1
1.997328645E0,-7.661445439E-2,-5.746084079E-2,0.000000000E0,9.576806799E-2
2.017344582E0,-6.703764945E-2,-5.746084079E-2,-4.788403213E-2,1.004423974E-1
2.037325207E0,-1.436520964E-1,-9.576806799E-3,5.746084079E-2,1.550141550E-1
2.057322760E0,-7.661445439E-2,1.915361360E-2,1.244984865E-1,1.474330651E-1
2.077338072E0,-8.619125932E-2,-3.830722719E-2,9.576806426E-2,1.344168850E-1
2.097335520E0,-6.703764945E-2,9.576806799E-3,3.830722719E-2,7.780234783E-2
2.117316770E0,-1.436520964E-1,0.000000000E0,3.830722719E-2,1.486720164E-1
2.137322551E0,-1.053448766E-1,-4.788403213E-2,-4.788403213E-2,1.252329993E-1
2.157330832E0,-1.244984865E-1,-4.788403213E-2,-4.788403213E-2,1.417237955E-1
2.177332499E0,-1.053448766E-1,-4.788403213E-2,1.915361360E-2,1.172914510E-1
2.197327499E0,-1.244984865E-1,-2.873042040E-2,-9.576806799E-3,1.281289406E-1
2.217326926E0,-9.576806426E-2,9.576806799E-3,8.619125932E-2,1.291981832E-1
2.237330884E0,-9.576806426E-2,4.788403213E-2,2.873042040E-2,1.108595495E-1
2.257329530E0,-1.244984865E-1,-9.576806799E-3,-2.873042040E-2,1.281289406E-1
2.277343541E0,-1.819593310E-1,0.000000000E0,3.830722719E-2,1.859479546E-1
2.297558801E0,-1.819593310E-1,0.000000000E0,9.576806799E-3,1.822111780E-1
2.317751666E0,-9.576806426E-2,-3.830722719E-2,3.830722719E-2,1.100291300E-1
2.337357968E0,-1.915361285E-1,-1.915361360E-2,-2.873042040E-2,1.946237049E-1
2.357340937E0,-1.915361285E-1,-1.915361360E-2,-2.873042040E-2,1.946237049E-1
2.377343228E0,-8.619125932E-2,-3.830722719E-2,-5.746084079E-2,1.104451224E-1
2.397326978E0,-1.723825186E-1,-1.915361360E-2,3.830722719E-2,1.776233017E-1
2.417338072E0,-1.053448766E-1,-9.576806799E-3,0.000000000E0,1.057792903E-1
2.437328697E0,-8.619125932E-2,5.746084079E-2,7.661445439E-2,1.288427570E-1
2.457321041E0,-1.340752989E-1,4.788403213E-2,1.149216816E-1,1.829646392E-1
2.477327655E0,-8.619125932E-2,-9.576806799E-3,9.576806426E-2,1.291981832E-1
2.497325155E0,-4.788403213E-2,0.000000000E0,-2.873042040E-2,5.584189815E-2
2.517322603E0,-6.703764945E-2,-1.915361360E-2,-1.532289088E-1,1.683449014E-1
2.537315311E0,-1.340752989E-1,-1.915361360E-2,-1.053448766E-1,1.715826032E-1
2.557313436E0,-1.532289088E-1,-2.873042040E-2,0.000000000E0,1.558991198E-1
2.577681718E0,-5.746084079E-2,9.576806799E-3,2.873042040E-2,6.495306389E-2
2.597537030E0,-1.915361360E-2,-3.830722719E-2,3.830722719E-2,5.746084079E-2
2.617338957E0,-8.619125932E-2,-3.830722719E-2,3.830722719E-2,1.018028511E-1
2.637327447E0,-1.436520964E-1,-2.873042040E-2,9.576806799E-3,1.468096628E-1
2.657341457E0,-7.661445439E-2,-3.830722719E-2,-4.788403213E-2,9.813306685E-2
2.677350051E0,-2.873042040E-2,-4.788403213E-2,-5.746084079E-2,8.012531319E-2
2.697334009E0,9.576806799E-3,9.576806799E-3,2.873042040E-2,3.176267484E-2
2.717328749E0,2.873042040E-2,2.873042040E-2,8.619125932E-2,9.528802284E-2
2.737330676E0,-3.830722719E-2,-9.576806799E-3,6.703764945E-2,7.780234783E-2
2.757401457E0,-2.873042040E-2,0.000000000E0,0.000000000E0,2.873042040E-2
2.777324426E0,9.576806799E-3,0.000000000E0,-1.915361360E-2,2.141439101E-2
2.797326353E0,7.661445439E-2,9.576806799E-3,0.000000000E0,7.721068482E-2
2.818043488E0,2.873042040E-2,-4.788403213E-2,-4.788403213E-2,7.356084639E-2
2.837329322E0,2.873042040E-2,-2.873042040E-2,-1.053448766E-1,1.129088887E-1
2.857332916E0,6.703764945E-2,-1.915361360E-2,-1.915361360E-2,7.230330747E-2
2.877338540E0,9.576806426E-2,9.576806799E-3,9.576806799E-3,9.672100387E-2
2.897323645E0,4.788403213E-2,4.788403213E-2,6.703764945E-2,9.528802396E-2
2.917329530E0,6.703764945E-2,0.000000000E0,2.873042040E-2,7.293478937E-2
2.937337759E0,7.661445439E-2,-3.830722719E-2,-8.619125932E-2,1.215160543E-1
2.957520207E0,1.436520964E-1,1.915361360E-2,-8.619125932E-2,1.686170777E-1
2.977836353E0,1.436520964E-1,1.915361360E-2,0.000000000E0,1.449233788E-1
2.997325520E0,6.703764945E-2,5.746084079E-2,-2.873042040E-2,9.285058818E-2
3.017326249E0,1.244984865E-1,2.873042040E-2,-1.915361360E-2,1.291981854E-1
3.037329165E0,5.746084079E-2,4.788403213E-2,-5.746084079E-2,9.432060741E-2
3.057334322E0,4.788403213E-2,3.830722719E-2,-9.576806426E-2,1.137182761E-1
3.077994843E0,1.053448766E-1,5.746084079E-2,-8.619125932E-2,1.477437797E-1
3.097340311E0,1.628057212E-1,6.703764945E-2,3.830722719E-2,1.801865504E-1
3.117336561E0,1.340752989E-1,8.619125932E-2,5.746084079E-2,1.694310101E-1
3.137322134E0,1.532289088E-1,4.788403213E-2,-1.532289088E-1,2.219258378E-1
3.157318384E0,1.532289088E-1,4.788403213E-2,-1.532289088E-1,2.219258378E-1
3.177360780E0,1.244984865E-1,5.746084079E-2,-7.661445439E-2,1.570713086E-1
3.197331040E0,1.436520964E-1,0.000000000E0,-1.053448766E-1,1.781389004E-1
3.217317290E0,1.053448766E-1,3.830722719E-2,-9.576806426E-2,1.474330656E-1
3.237332290E0,1.149216816E-1,1.915361360E-2,-5.746084079E-2,1.299061278E-1
3.257351301E0,1.244984865E-1,0.000000000E0,-9.576806799E-3,1.248662820E-1
3.277337759E0,1.053448766E-1,1.915361360E-2,-6.703764945E-2,1.263267604E-1
3.297330415E0,1.053448766E-1,-9.576806799E-3,-5.746084079E-2,1.203785965E-1
3.317330519E0,1.244984865E-1,1.915361360E-2,-8.619125932E-2,1.526291821E-1
3.337324582E0,1.532289088E-1,6.703764945E-2,-9.576806799E-3,1.675257000E-1
3.357332499E0,1.723825186E-1,3.830722719E-2,1.053448766E-1,2.056227600E-1
3.377344582E0,1.340752989E-1,1.915361360E-2,-3.830722719E-2,1.407497437E-1
3.397337394E0,1.244984865E-1,2.873042040E-2,-8.619125932E-2,1.541241168E-1
3.417339842E0,7.661445439E-2,9.576806799E-3,-9.576806426E-2,1.230163078E-1
3.437320780E0,1.149216816E-1,0.000000000E0,2.873042040E-2,1.184585580E-1
3.457343228E0,2.106897533E-1,4.788403213E-2,2.873042040E-2,2.179644231E-1
3.477322186E0,1.628057212E-1,6.703764945E-2,4.788403213E-2,1.824626806E-1
3.497352030E0,9.576806426E-2,4.788403213E-2,-5.746084079E-2,1.215160520E-1
3.517563749E0,5.746084079E-2,9.576806799E-3,0.000000000E0,5.825344155E-2
3.537323540E0,4.788403213E-2,9.576806799E-3,1.915361360E-2,5.245432942E-2
3.557361717E0,1.340752989E-1,1.915361360E-2,1.915361360E-2,1.367841643E-1
3.577356040E0,1.628057212E-1,2.873042040E-2,-3.830722719E-2,1.697014542E-1
3.597626926E0,1.436520964E-1,0.000000000E0,-5.746084079E-2,1.547180436E-1
3.617331040E0,2.873042040E-2,-1.915361360E-2,-3.830722719E-2,5.157268294E-2
3.637335467E0,1.915361360E-2,9.576806799E-3,-2.873042040E-2,3.583312990E-2
3.657347603E0,2.873042040E-2,-6.703764945E-2,-7.661445439E-2,1.057792897E-1
3.677365259E0,5.746084079E-2,-3.830722719E-2,-5.746084079E-2,8.983841107E-2
3.697320728E0,6.703764945E-2,1.915361360E-2,3.830722719E-2,7.955093345E-2
3.717339269E0,2.873042040E-2,3.830722719E-2,4.788403213E-2,6.771824898E-2
3.737321874E0,3.830722719E-2,9.576806426E-2,1.149216816E-1,1.544213673E-1
3.757337551E0,-4.788403213E-2,1.628057212E-1,2.298433632E-1,2.857036139E-1
3.777346873E0,2.873042040E-2,1.149216816E-1,9.576806799E-3,1.188450469E-1
3.797318436E0,-2.202665508E-1,1.723825186E-1,-6.703764945E-2,2.876232476E-1
3.817324946E0,-6.703764945E-2,1.819593310E-1,2.873042040E-2,1.960323485E-1
3.837319113E0,3.639186621E-1,1.915361285E-1,1.599326730E0,1.651353648E0
3.857321248E0,-1.244984865E-1,2.394201756E-1,7.661445439E-2,2.805203526E-1
3.877334373E0,-1.101332784E0,6.799532771E-1,-8.236053586E-1,1.534143457E0
3.897314217E0,-9.576807022E-1,2.106897533E-1,-8.619126081E-1,1.305540441E0
3.917317030E0,2.106897533E-1,3.639186621E-1,-6.607996821E-1,7.832516739E-1
3.937326978E0,3.160346150E-1,-8.619125932E-2,-4.118026793E-1,5.262017273E-1
3.957322082E0,5.650315881E-1,-1.340752989E-1,-6.607996821E-1,8.797119422E-1
3.977317342E0,4.979939461E-1,-5.458779931E-1,-8.906430602E-1,1.157249245E0
3.997317394E0,1.130063176E0,-4.692635238E-1,3.639186621E-1,1.276592272E0
4.017327655E0,-4.309563041E-1,-9.576806799E-3,3.131615877E0,3.161144263E0
4.037329738E0,-1.991975784E0,7.374141216E-1,-2.777273953E-1,2.142167038E0
4.057343644E0,-9.097966552E-1,3.734954596E-1,2.394201756E-1,1.012200984E0
4.077331300E0,1.072602391E0,-4.596867263E-1,5.075707436E-1,1.272562704E0
4.097581457E0,5.363011956E-1,4.788403213E-2,7.661445141E-1,9.364236592E-1
4.117322134E0,8.140285611E-1,2.394201756E-1,5.267243981E-1,9.987007111E-1
4.137325155E0,6.607996821E-1,-5.746083856E-1,5.267243981E-1,1.021895106E0
4.157333123E0,1.723825216E0,-8.044517636E-1,-8.619125932E-2,1.904243931E0
4.177335155E0,-6.607996821E-1,-2.968810201E-1,-7.757213712E-1,1.061385041E0
4.197340623E0,-6.607996821E-1,4.692635238E-1,-1.532289088E-1,8.248294207E-1
4.217323123E0,4.788403511E-1,-8.619125932E-2,3.639186621E-1,6.075802890E-1
4.237319842E0,6.703764945E-2,-7.661445439E-2,-9.864110947E-1,9.916504771E-1
4.257397082E0,-5.458779931E-1,9.576806426E-2,-2.547430515E0,2.607020624E0
4.277326144E0,-3.064578176E-1,-3.351882398E-1,-1.561019540E0,1.625745845E0
4.297339425E0,8.619125932E-2,-4.788403511E-1,4.405331016E-1,6.563432247E-1
4.317324217E0,1.063025594E0,3.064578176E-1,1.934514999E0,2.228517016E0
4.337320467E0,3.734954596E-1,2.873041928E-1,1.130063176E0,1.224371406E0
4.357318019E0,-8.427590132E-1,5.746084079E-2,-6.991068721E-1,1.096492098E0
4.377315832E0,-9.193734527E-1,-1.819593310E-1,-8.810662031E-1,1.286325930E0
4.397314790E0,-5.363011956E-1,-2.585737705E-1,-1.915361285E-1,6.254322152E-1
4.417329061E0,-1.244984865E-1,-8.619125932E-2,-3.830722719E-2,1.561929896E-1
4.437330988E0,7.661445439E-2,6.703764945E-2,-4.788403213E-2,1.125020071E-1
4.457341092E0,-3.447650373E-1,9.576806799E-3,6.991068721E-1,7.795544014E-1
4.477744009E0,2.011129409E-1,1.149216816E-1,4.692635238E-1,5.233179365E-1
4.497677134E0,1.340752989E-1,7.661445439E-2,2.681505978E-1,3.094361057E-1
4.517341196E0,-4.788403213E-2,1.723825186E-1,-3.064578176E-1,3.548591371E-1
4.537322915E0,-2.873042040E-2,1.053448766E-1,3.064578176E-1,3.253296390E-1
4.557342550E0,-1.723825186E-1,-6.703764945E-2,1.053448766E-1,2.128551672E-1
4.577318019E0,2.298433632E-1,1.244984865E-1,1.149216816E-1,2.855430574E-1
4.597329217E0,3.064578176E-1,1.149216816E-1,7.086837292E-1,7.806125895E-1
4.617352550E0,-4.213795066E-1,-6.703764945E-2,2.873041928E-1,5.143913240E-1
4.637347394E0,-3.543418646E-1,2.011129409E-1,-9.576806799E-3,4.075491225E-1
4.657338488E0,-2.968810201E-1,9.576806426E-2,-4.022258818E-1,5.090142652E-1
4.677359113E0,-3.639186621E-1,2.873042040E-2,-4.788403511E-1,6.021215089E-1
4.697326717E0,-7.661445439E-2,1.053448766E-1,-6.991068721E-1,7.111383383E-1
4.717324998E0,2.394201756E-1,1.532289088E-1,-4.692635238E-1,5.486432117E-1
4.737331821E0,3.064578176E-1,5.746084079E-2,-1.149216816E-1,3.323027762E-1
4.757339686E0,-1.915361285E-1,1.915361360E-2,3.160346150E-1,3.700416562E-1
4.777330050E0,-7.757213712E-1,-2.298433632E-1,5.171475410E-1,9.602151824E-1
4.797340519E0,-2.355894566E0,-1.398213744E0,-6.991068721E-1,2.827364727E0
4.817332967E0,1.819593310E-1,6.607996821E-1,3.064578176E-1,7.507874613E-1
4.837343175E0,-9.481038451E-1,-2.202665508E-1,-4.501099288E-1,1.072388550E0
4.857359217E0,-9.481038451E-1,-2.202665508E-1,-4.501099288E-1,1.072388550E0
4.877319581E0,-2.873042040E-2,1.915361285E-1,3.447650373E-1,3.954421026E-1
4.897334061E0,-3.830722719E-2,1.915361360E-2,2.202665508E-1,2.243917511E-1
4.917324425E0,1.244984865E-1,2.298433632E-1,2.873041928E-1,3.884218633E-1
4.937322498E0,7.661445439E-2,2.968810201E-1,-7.661445141E-1,8.252184748E-1
4.957378123E0,-9.576806799E-3,5.458779931E-1,-3.351882398E-1,6.406447180E-1
4.977350779E0,2.298433632E-1,6.129156351E-1,3.351882398E-1,7.354214462E-1
4.997338904E0,4.309563041E-1,1.628057212E-1,6.991068721E-1,8.372451597E-1
5.017329269E0,2.106897533E-1,1.244984865E-1,-5.458779931E-1,5.982247309E-1
5.037335050E0,-1.340752989E-1,8.619125932E-2,-1.340752989E-1,2.082817917E-1
5.057360363E0,-2.585737705E-1,1.053448766E-1,-8.619125932E-2,2.922103198E-1
5.077328956E0,-3.543418646E-1,7.661445439E-2,-2.585737705E-1,4.452957741E-1
5.097321040E0,1.819593310E-1,1.244984865E-1,-6.703764945E-2,2.304411373E-1
5.117330206E0,-7.661445439E-2,-1.244984865E-1,-2.585737705E-1,2.970354231E-1
5.137337706E0,-1.436520964E-1,-4.788403213E-2,-2.585737705E-1,2.996484609E-1
5.157361404E0,-6.703764945E-2,2.106897533E-1,-1.340752989E-1,2.585737890E-1
5.177927342E0,-2.011129409E-1,3.639186621E-1,-4.788403511E-1,6.341697639E-1
5.197337394E0,-3.256114423E-1,1.340752989E-1,1.915361360E-2,3.526554382E-1
5.217325258E0,-9.576806426E-2,1.149216816E-1,2.394201756E-1,2.823128327E-1
5.237343383E0,-8.619125932E-2,1.532289088E-1,-1.149216816E-1,2.100357697E-1
5.257331040E0,-1.436520964E-1,3.830722719E-2,9.576806799E-3,1.489801453E-1
5.277337133E0,-1.723825186E-1,2.873042040E-2,6.703764945E-2,1.871769650E-1
5.298114373E0,-1.053448766E-1,1.628057212E-1,-7.661445439E-2,2.085018477E-1
5.317323123E0,-5.746084079E-2,-9.576806799E-3,-1.915361285E-1,2.001987812E-1
5.337349269E0,1.819593310E-1,2.777273953E-1,-1.915361360E-2,3.325786601E-1
5.357483748E0,4.118026793E-1,4.501099288E-1,1.915361360E-2,6.103664929E-1
5.377334425E0,1.819593310E-1,3.351882398E-1,5.746084079E-2,3.856969049E-1
5.397744477E0,1.915361285E-1,4.405331016E-1,-3.351882398E-1,5.857530693E-1
5.417330258E0,-1.244984865E-1,1.053448766E-1,-2.106897533E-1,2.664349608E-1
5.437335050E0,-2.873041928E-1,-1.244984865E-1,-5.746084079E-2,3.183477981E-1
5.457331873E0,-2.489969730E-1,2.873042040E-2,-6.703764796E-1,7.157021406E-1
5.477324008E0,-2.202665508E-1,4.022258818E-1,-9.002198577E-1,1.010296395E0
5.497327237E0,-3.447650373E-1,1.915361285E-1,-4.884171486E-1,6.277741079E-1
5.517336300E0,-5.650315881E-1,-1.723825186E-1,-5.267243981E-1,7.914638462E-1
5.537650414E0,-5.746084079E-2,-2.011129409E-1,-3.160346150E-1,3.789802648E-1
5.557331352E0,-1.446097851E0,-1.618480325E0,-4.022258818E-1,2.207365673E0
5.577320571E0,3.256114423E-1,9.097966552E-1,-4.501099288E-1,1.065997989E0
5.597325779E0,4.788403511E-1,7.661445439E-2,1.340752989E-1,5.031242811E-1
5.617350154E0,0.000000000E0,1.915361360E-2,1.436520964E-1,1.449233788E-1
5.637341873E0,-2.011129409E-1,0.000000000E0,2.106897533E-1,2.912672092E-1
5.657326404E0,3.830722719E-2,5.746084079E-2,6.224924326E-1,6.263114405E-1
5.677552237E0,5.746084079E-2,1.628057212E-1,3.447650373E-1,3.855779843E-1
5.697321925E0,1.053448766E-1,3.256114423E-1,3.734954596E-1,5.065759693E-1
5.717326612E0,1.244984865E-1,3.543418646E-1,-3.830722719E-2,3.775254611E-1
5.737347602E0,1.244984865E-1,4.405331016E-1,-4.788403511E-1,6.624631073E-1
5.757330623E0,1.532289088E-1,5.746083856E-1,-8.714894056E-1,1.055058140E0
5.777323800E0,1.723825186E-1,5.267243981E-1,-4.118026793E-1,6.904605499E-1
5.797327706E0,-4.596867263E-1,3.256114423E-1,-2.106897533E-1,6.014356739E-1
5.817315310E0,-6.607996821E-1,7.086837292E-1,-9.481038451E-1,1.355651043E0
5.837341144E0,1.331176162E0,1.685518026E0,1.005564690E0,2.371531433E0
5.857339841E0,3.466804028E0,2.901772499E0,3.849876404E0,5.938060468E0
5.877560414E0,5.219359875E0,4.539406300E0,6.770802498E0,9.679446964E0
5.897326769E0,7.431602001E0,6.406883717E0,7.173028469E0,1.215439035E1
5.917616144E0,1.008437729E1,7.431602001E0,7.479485989E0,1.458993092E1
5.937349841E0,1.270842266E1,7.527369976E0,9.337387085E0,1.747432696E1
5.958095883E0,1.020887566E1,4.261679173E0,1.193270111E1,1.627182864E1
5.977599112E0,6.521805286E0,1.082179189E0,8.092401505E0,1.044949846E1
5.997332550E0,2.346317768E0,-1.867477298E0,4.079719543E0,5.063278590E0
6.017368071E0,3.447650373E-1,-4.884171486E0,2.566584110E0,5.528231908E0
6.037322758E0,-1.695094824E0,-7.134721279E0,1.120486379E0,7.418428669E0
6.057338852E0,-3.677493811E0,-9.030928612E0,-5.841852427E-1,9.768464809E0
6.077337810E0,-4.912901878E0,-1.054406452E1,-1.072602391E0,1.168179684E1
6.097333956E0,-5.832275391E0,-1.183693314E1,7.757213712E-1,1.321855385E1
6.117342185E0,-6.617573261E0,-1.284249783E1,1.810016513E0,1.456015749E1
6.137349893E0,-7.287950039E0,-1.339795303E1,1.426944256E0,1.531847026E1
6.157953331E0,-7.632715225E0,-1.388636971E1,1.082179189E0,1.588271756E1
6.177344112E0,-7.939172745E0,-1.425028896E1,5.650315881E-1,1.632239137E1
6.197326820E0,-8.226476669E0,-1.422155857E1,7.661445439E-2,1.642965357E1
6.217338435E0,-9.442731857E0,-1.516966152E1,-1.647210717E0,1.794427816E1
6.237308591E0,-9.050082207E0,-1.601242065E1,-1.896207690E0,1.849046259E1
6.257325727E0,-8.781931877E0,-1.720952225E1,-2.767697096E0,1.951794381E1
6.277731300E0,-7.383718014E0,-1.794693565E1,-1.886630893E0,1.949797854E1
6.297317393E0,-6.761225700E0,-1.859815788E1,-9.864110947E-1,1.981359777E1
6.317326820E0,-6.090848923E0,-2.022621536E1,-2.164358377E0,2.123399811E1
6.337319373E0,-4.003105164E0,-2.174892807E1,-5.027823448E0,2.267861838E1
6.357318695E0,1.503558636E0,-2.085828590E1,-2.509123325E0,2.106239491E1
6.377338070E0,1.142513084E1,-1.637633896E1,5.286397457E0,2.065584882E1
6.397340935E0,1.430774975E1,-1.257434750E1,6.320692539E0,2.006930671E1
6.417340414E0,1.975695229E1,-1.410663605E1,-3.208230257E0,2.448728416E1
6.437329008E0,3.466804123E1,-1.056321812E1,-7.182605267E-1,3.624873181E1
6.457368070E0,4.658158875E1,-2.202665508E-1,6.866570473E0,4.708548309E1
6.477326664E0,2.591483879E1,8.743624687E0,1.620395660E1,3.178990487E1
6.497326768E0,3.088520241E1,1.312980175E1,6.703764915E0,3.422320683E1
6.517337237E0,3.627694321E1,1.029506683E1,3.179499865E0,3.784328512E1
6.537340206E0,3.000413513E1,2.039859772E0,3.993528366E0,3.033739313E1
6.557333800E0,1.916319084E1,-4.520252705E0,2.748543501E0,1.988001658E1
6.577312758E0,1.117613316E1,-8.753201485E0,-5.937620401E-1,1.420834409E1
6.597324008E0,5.908889771E0,-1.131020927E1,-3.284844637E0,1.317672252E1
6.617331716E0,2.576161146E0,-1.383848572E1,-3.198653460E0,1.443508494E1
6.637599945E0,-5.650315881E-1,-1.633803177E1,-1.733402014E0,1.643944115E1
6.657332549E0,-3.964797974E0,-1.719036865E1,-8.331822157E-1,1.766133036E1
6.677586612E0,-5.621585369E0,-1.719036865E1,1.244984865E-1,1.808663861E1
6.697322497E0,-6.330269337E0,-1.638591576E1,1.350329757E0,1.761800033E1
6.717345831E0,-8.149862289E0,-1.612734222E1,1.474828243E0,1.812971431E1
6.737343956E0,-1.131020927E1,-1.606030464E1,1.541865945E0,1.970359281E1
6.757324685E0,-1.320641613E1,-1.564850235E1,3.409343243E0,2.075833987E1
6.777335518E0,-1.283292103E1,-1.449928570E1,5.602431774E0,2.015689435E1
6.797329789E0,-1.175074196E1,-1.353202820E1,4.309563160E0,1.843279844E1
6.817365674E0,-1.071644688E1,-1.298614979E1,2.240972757E0,1.698541371E1
6.837363018E0,-1.033337498E1,-1.306276417E1,1.446097851E0,1.671842233E1
6.857328226E0,-9.519346237E0,-1.325430107E1,1.235408068E0,1.636522786E1
6.877329060E0,-8.485051155E0,-1.361821938E1,6.703764796E-1,1.605930872E1
6.897333643E0,-7.144298077E0,-1.388636971E1,-7.661445439E-2,1.561659785E1
6.917340101E0,-6.943184853E0,-1.433648014E1,-4.309563041E-1,1.593512479E1
6.937334268E0,-7.201758862E0,-1.518881512E1,-9.002198577E-1,1.683377056E1
6.957331664E0,-6.952761650E0,-1.608903503E1,-9.289502501E-1,1.755166350E1
6.977324581E0,-6.406883717E0,-1.747767258E1,3.830722719E-2,1.861501182E1
6.997321404E0,-3.294421434E0,-1.961330032E1,2.777273953E-1,1.988999484E1
7.017334633E0,4.204218388E0,-2.049436569E1,-4.596867263E-1,2.092619863E1
7.037334268E0,1.358948898E1,-2.044648170E1,-5.985504150E0,2.526972665E1
7.057325570E0,3.356670761E1,-1.673068237E1,-2.844311714E0,3.761289276E1
7.077328278E0,4.631343842E1,-3.074155092E0,1.576342392E1,4.901908344E1
7.097345987E0,3.417004776E1,-1.656787634E0,1.440351772E1,3.711870730E1
7.117335362E0,2.287899208E1,4.807557106E0,9.069235802E0,2.507612255E1
7.137331039E0,2.986048317E1,1.452801609E1,6.062118530E0,3.375590301E1
7.157323278E0,3.795288467E1,1.438436413E1,6.483498096E0,4.110191156E1
7.177327081E0,3.534799576E1,6.828263283E0,6.445190907E0,3.657384953E1
7.197356195E0,2.854846191E1,6.416460276E-1,5.104437828E0,2.900830352E1
7.217335518E0,1.463336086E1,-7.307103634E0,-1.522712231E0,1.642704070E1
7.237335049E0,1.463336086E1,-7.307103634E0,-1.522712231E0,1.642704070E1
7.257612080E0,1.034295177E1,-9.337387085E0,-2.624045134E0,1.417917705E1
7.277331455E0,4.979939461E0,-1.202846909E1,-2.145204782E0,1.319415663E1
7.297338643E0,-5.267243981E-1,-1.493024158E1,-2.260126352E0,1.510952426E1
7.317340518E0,-6.129156113E0,-1.597411346E1,-1.139639974E0,1.714752562E1
7.337340518E0,-6.493074894E0,-1.508347034E1,1.819593310E-1,1.642267361E1
7.357329737E0,-6.924031258E0,-1.417367363E1,9.289502501E-1,1.580184108E1
7.377329789E0,-8.465897560E0,-1.392467690E1,2.020706177E0,1.642106274E1
7.397938435E0,-1.053448772E1,-1.388636971E1,3.055001259E0,1.769575452E1
7.417352705E0,-1.136767006E1,-1.335964584E1,4.165910721E0,1.802938911E1
7.437331039E0,-1.103248119E1,-1.267011547E1,4.587290287E0,1.741524331E1
7.457337966E0,-1.057279491E1,-1.219127464E1,4.089296341E0,1.664732754E1
7.477358382E0,-1.003649330E1,-1.201889229E1,3.361459255E0,1.601512966E1
7.497341507E0,-9.595960617E0,-1.206677628E1,2.662352324E0,1.564537215E1
7.517337445E0,-9.002198219E0,-1.236365795E1,2.039859772E0,1.542921380E1
7.537318591E0,-8.475474358E0,-1.255519390E1,1.283292055E0,1.520241422E1
7.557359841E0,-8.389283180E0,-1.289995861E1,4.884171486E-1,1.539569926E1
7.577321455E0,-8.916007042E0,-1.379060173E1,4.213795066E-1,1.642721639E1
7.597333799E0,-9.107542992E0,-1.453759289E1,1.350329757E0,1.720791495E1
7.617327341E0,-9.212887764E0,-1.557188797E1,3.160346270E0,1.836705704E1
7.637319424E0,-8.226476669E0,-1.681687355E1,4.845864296E0,1.933816318E1
7.657319789E0,-5.659893036E0,-1.926853561E1,2.011129409E-1,2.008360775E1
7.677318643E0,2.652775526E0,-2.188300323E1,-5.612008572E0,2.274637749E1
7.697342653E0,2.117432022E1,-1.637633896E1,-1.220085144E1,2.941763230E1
7.717342184E0,3.451481247E1,-1.374271774E1,-7.776367188E0,3.795532186E1
7.737339997E0,4.284663391E1,-7.594407558E0,1.057279491E1,4.478049861E1
7.757356976E0,3.560656738E1,4.884171486E-1,1.713290787E1,3.951711938E1
7.777491559E0,2.386540222E1,9.806650162E0,8.858546257E0,2.728005961E1
7.797338903E0,2.553176689E1,1.700840950E1,1.149216816E-1,3.067849933E1
7.817326143E0,3.643017197E1,1.599326706E1,-1.493981838E0,3.981424371E1
7.837329268E0,3.671747589E1,9.232041359E0,3.284844637E0,3.800255028E1
7.857343799E0,2.542642212E1,6.416460276E-1,2.116474390E0,2.552242377E1
7.877332809E0,1.717121506E1,-4.481945515E0,-1.493981838E0,1.780927971E1
7.897350257E0,1.423113537E1,-6.042964935E0,-2.652775526E0,1.568693269E1
7.917336143E0,1.171243477E1,-7.345410824E0,-1.675941229E0,1.392641258E1
7.937325726E0,6.071695328E0,-1.037168217E1,-2.135627985E0,1.220648115E1
7.957334476E0,-4.788403511E-1,-1.336922264E1,-2.193088770E0,1.355636531E1
7.977333747E0,-5.544970989E0,-1.496854877E1,-2.030282974E0,1.609118407E1
7.997339736E0,-6.952761650E0,-1.502600956E1,-1.024718285E0,1.658830629E1
8.017487393E0,-7.565677166E0,-1.406832886E1,6.703764945E-2,1.597378608E1
8.037342132E0,-8.475474358E0,-1.370441055E1,8.810662031E-1,1.613755904E1
8.057334841E0,-1.037168217E1,-1.381933212E1,2.202665567E0,1.741830838E1
8.077329841E0,-1.193270111E1,-1.369483376E1,3.246537447E0,1.845204143E1
8.097340570E0,-1.210508347E1,-1.290953541E1,3.715801001E0,1.808303977E1
8.117343851E0,-1.157835960E1,-1.221042824E1,4.108449936E0,1.732144133E1
8.137338955E0,-1.072602367E1,-1.179862595E1,3.734954596E0,1.637696687E1
8.157319632E0,-1.026633644E1,-1.170285797E1,3.198653460E0,1.589295229E1
8.177334372E0,-9.222464561E0,-1.201889229E1,1.877054095E0,1.526535150E1
8.197328330E0,-8.552088737E0,-1.223915863E1,1.273715258E0,1.498524529E1
8.217338643E0,-8.762778282E0,-1.309149456E1,1.034295082E0,1.578744056E1
8.237569684E0,-8.992621422E0,-1.380017853E1,5.267243981E-1,1.647997591E1
8.257326507E0,-8.762778282E0,-1.451843929E1,2.681505978E-1,1.696004916E1
8.277344111E0,-8.504204750E0,-1.523670006E1,3.160346150E-1,1.745217479E1
8.297333330E0,-6.895300865E0,-1.677856636E1,1.340752989E-1,1.814065708E1
8.317336559E0,-1.522712231E0,-1.728613663E1,-7.469909191E-1,1.736914412E1
8.337325413E0,6.378153324E0,-1.689348793E1,-2.643198729E0,1.824985682E1
8.357312601E0,2.001552582E1,-1.590707588E1,-4.510675907E0,2.596155877E1
8.377319840E0,3.264733505E1,-8.111555099E0,-1.924938202E0,3.369497291E1
8.397315726E0,3.892014313E1,3.562572241E0,4.750096321E0,3.937045691E1
8.417426768E0,3.478296280E1,1.178904915E1,9.634267807E0,3.796913611E1
8.437320674E0,3.583641052E1,1.451843929E1,5.573701382E0,3.906532408E1
8.457333330E0,3.980120850E1,1.410663605E1,3.303998232E0,4.235622484E1
8.477334684E0,3.570233536E1,8.810662270E0,1.388636947E0,3.679963087E1
8.497361611E0,2.688209724E1,1.350329757E0,-6.224924326E-1,2.692318777E1
8.517350465E0,2.150950813E1,-2.853888512E0,-2.557007313E0,2.184815567E1
8.537334736E0,1.707544708E1,-5.506663799E0,-4.568136692E0,1.851383569E1
8.557331611E0,1.114740276E1,-8.475474358E0,-3.380612850E0,1.440579041E1
8.577341142E0,4.261679173E0,-1.224873543E1,-3.476380825E0,1.342678862E1
8.597368851E0,-3.974374771E0,-1.580173111E1,-2.719813108E0,1.651931428E1
8.617332965E0,-3.974374771E0,-1.580173111E1,-2.719813108E0,1.651931428E1
8.637703486E0,-5.209783077E0,-1.561019516E1,-1.350329757E0,1.651191761E1
8.657319528E0,-5.679046631E0,-1.495897198E1,1.340752989E-1,1.600126212E1
8.677326247E0,-7.173028469E0,-1.459505367E1,6.512228847E-1,1.627550369E1
8.697347549E0,-9.385271072E0,-1.430774975E1,5.363011956E-1,1.711965639E1
8.717333486E0,-1.064940929E1,-1.354160500E1,1.905784607E0,1.733254162E1
8.737326351E0,-1.144428444E1,-1.298614979E1,3.399766445E0,1.764001543E1
8.757343851E0,-1.202846909E1,-1.263180828E1,3.371036053E0,1.776543084E1
8.777312236E0,-1.202846909E1,-1.240196514E1,2.518700123E0,1.745957211E1
8.797411455E0,-1.142513084E1,-1.216254425E1,1.426944256E0,1.674805264E1
8.817334684E0,-1.044829655E1,-1.203804588E1,6.033388376E-1,1.595134688E1
8.838163226E0,-9.883264542E0,-1.245942593E1,5.554547906E-1,1.591303687E1
8.857331299E0,-9.825803757E0,-1.337879944E1,-9.576806426E-2,1.659963450E1
8.877356299E0,-9.366117477E0,-1.432690334E1,-3.639186621E-1,1.712065281E1
8.897334372E0,-9.327810287E0,-1.553358078E1,-8.619125932E-2,1.811926062E1
8.917317757E0,-8.839392662E0,-1.631887817E1,6.129156351E-1,1.856923028E1
8.937319319E0,-5.889736176E0,-1.689348793E1,5.363011956E-1,1.789878615E1
8.957317601E0,-1.149216816E-1,-1.710417747E1,-1.340752959E0,1.715703100E1
8.977344736E0,6.177040577E0,-1.648168373E1,-6.770802498E0,1.885856557E1
8.997342965E0,1.537077522E1,-1.396298409E1,-9.299078941E0,2.275298936E1
9.017328851E0,2.603933716E1,-8.887276649E0,2.528276920E0,2.763010948E1
9.037317184E0,2.839523125E1,3.677493811E0,1.049618053E1,3.049562139E1
9.057328226E0,2.908476257E1,1.013226128E1,3.840299606E0,3.103762287E1
9.077326038E0,3.439031219E1,1.520796967E1,1.225831270E0,3.762284647E1
9.097337861E0,4.002147675E1,1.614649582E1,4.893748283E0,4.343243834E1
9.117337861E0,3.446692657E1,1.076433086E1,6.943184853E0,3.677020074E1
9.137339059E0,2.317587280E1,2.298433542E0,1.934514999E0,2.336977161E1
9.157395778E0,1.827254677E1,-1.656787634E0,-1.350329757E0,1.839712752E1
9.177336559E0,1.624226379E1,-4.098873138E0,-2.547430515E0,1.694406375E1
9.197343851E0,1.128147888E1,-7.402871609E0,-2.806004286E0,1.378215999E1
9.217335257E0,3.849876404E0,-1.107078838E1,-3.179499865E0,1.214467468E1
9.237302548E0,-2.039859772E0,-1.327345467E1,-3.533841610E0,1.388645611E1
9.257351976E0,-5.209783077E0,-1.404917526E1,-2.815581083E0,1.524626715E1
9.277319423E0,-6.454767704E0,-1.391510010E1,-1.532289028E0,1.541563967E1
9.297328590E0,-6.866570473E0,-1.360864258E1,-4.596867263E-1,1.524979524E1
9.317321455E0,-8.667010307E0,-1.350329781E1,1.532289088E-1,1.604617083E1
9.337344007E0,-1.107078838E1,-1.370441055E1,1.120486379E0,1.765300863E1
9.358003330E0,-1.312022495E1,-1.357033539E1,2.183511972E0,1.900163230E1
9.377343173E0,-1.401086807E1,-1.302445698E1,3.572149038E0,1.946024544E1
9.397347757E0,-1.346499062E1,-1.224873543E1,4.079719543E0,1.865426502E1
9.417323382E0,-1.299572659E1,-1.192312431E1,3.227383852E0,1.792946763E1
9.437342965E0,-1.243069553E1,-1.216254425E1,2.949656487E0,1.763944862E1
9.457371038E0,-1.154962921E1,-1.237323475E1,2.892195702E0,1.717136189E1
9.477332288E0,-1.063983250E1,-1.265096188E1,2.786850691E0,1.676363352E1
9.497345257E0,-1.031422138E1,-1.310107136E1,1.972822189E0,1.679027280E1
9.517332392E0,-1.015141487E1,-1.388636971E1,1.331176162E0,1.725266697E1
9.537322653E0,-9.605537415E0,-1.470997524E1,6.799532771E-1,1.758158290E1
9.557332705E0,-8.092401505E0,-1.522712326E1,1.244984865E-1,1.724435400E1
9.577353434E0,-7.469909191E0,-1.598369026E1,1.915361360E-2,1.764307979E1
9.597329840E0,-5.075707436E0,-1.886631012E1,-4.213795066E-1,1.954169962E1
9.617336975E0,2.135627985E0,-2.105939865E1,-3.208230257E0,2.140915505E1
9.637581559E0,3.208230209E1,-1.008437729E1,-1.886630893E0,3.368275744E1
9.657331402E0,3.208230209E1,-1.008437729E1,-1.886630893E0,3.368275744E1
9.677355465E0,3.608540726E1,-6.512228847E-1,9.318233490E0,3.727479287E1
9.697333069E0,2.920926094E1,1.020887566E1,8.121131897E0,3.198991795E1
9.717335205E0,3.219722366E1,1.635718536E1,2.011129379E0,3.616992350E1
9.737332392E0,4.151545715E1,1.639549255E1,5.564124584E0,4.498116096E1
9.757330100E0,4.067269897E1,1.223915863E1,5.640739441E0,4.284720980E1
9.777343902E0,2.650860214E1,3.371036053E0,9.385270476E-1,2.673856213E1
9.797355100E0,1.709460068E1,-2.202665567E0,-2.461239338E0,1.741076698E1
9.817334111E0,1.434605694E1,-4.022258759E0,-3.438073635E0,1.529079022E1
9.837381090E0,1.124317074E1,-6.263231754E0,-2.796427488E0,1.317030626E1
9.857330413E0,7.067683220E0,-7.862558365E0,-2.959233284E0,1.097857148E1
9.877334579E0,-3.246537447E0,-1.129105568E1,-3.390189648E0,1.222789146E1
9.897328798E0,-6.933608055E0,-1.204762268E1,-2.059013367E0,1.405203434E1
9.917330413E0,-8.465897560E0,-1.186566353E1,-1.244984865E0,1.462926450E1
9.937319423E0,-8.772355080E0,-1.120486355E1,2.202665508E-1,1.423206584E1
9.957323486E0,-9.883264542E0,-1.100375080E1,1.762132406E0,1.489518581E1
9.977674267E0,-1.199016190E1,-1.121444035E1,2.279279947E0,1.657476309E1
9.997351246E0,-1.342668343E1,-1.097502041E1,1.857900500E0,1.744071945E1
1.001731828E1,-1.319683933E1,-1.024718285E1,2.240972757E0,1.685773661E1
1.003732349E1,-1.247857952E1,-9.701305389E0,3.007117271E0,1.608953161E1
1.005732448E1,-1.218169785E1,-9.739612579E0,3.102885485E0,1.590225499E1
1.007732593E1,-1.187524033E1,-1.014183807E1,2.231395960E0,1.577521284E1
1.009731958E1,-1.150174522E1,-1.041956615E1,2.193088770E0,1.567377237E1
1.011733442E1,-1.039083576E1,-1.094629002E1,1.896207690E0,1.521138838E1
1.013768911E1,-1.007480049E1,-1.081221485E1,2.097320795E0,1.492663222E1
1.015733901E1,-1.066856289E1,-1.184650993E1,2.595314741E0,1.615220388E1
1.017735099E1,-1.128147888E1,-1.338837624E1,2.920926094E0,1.774970967E1
1.019733244E1,-1.056321812E1,-1.437478733E1,3.284844637E0,1.813853059E1
1.021733911E1,-8.791508675E0,-1.570596313E1,2.853888512E0,1.822395628E1
1.023733073E1,-6.358999729E0,-1.775539970E1,9.576807022E-1,1.888407394E1
1.025735588E1,-2.106897533E-1,-2.214157677E1,-3.189076662E0,2.237105321E1
1.027732906E1,1.548569679E1,-2.202665520E1,-6.943184853E0,2.780626117E1
1.029734463E1,4.001189804E1,-1.205719948E1,-5.190629482E0,4.211022059E1
1.031733145E1,4.029920197E1,2.968810201E-1,4.673481941E0,4.057037405E1
1.033732724E1,2.411439896E1,9.203310966E0,8.341399193E0,2.712534074E1
1.035736645E1,2.789723778E1,1.484405041E1,2.394201756E0,3.169122765E1
1.037734104E1,3.904463959E1,1.538035202E1,4.367023945E0,4.219134991E1
1.039732541E1,4.190810776E1,1.209550667E1,3.964797974E0,4.379852053E1
1.041732734E1,2.772485542E1,3.849876404E0,-1.340752959E0,2.802296871E1
1.043756312E1,1.650083733E1,-2.499546528E0,-2.815581083E0,1.692491838E1
1.045733546E1,1.412578964E1,-4.367023945E0,-3.514688015E0,1.519742949E1
1.047732364E1,1.420240402E1,-5.066130638E0,-3.438073635E0,1.546590799E1
1.049734052E1,1.049618053E1,-7.776367188E0,-2.643198729E0,1.332772268E1
1.051731489E1,4.520252705E0,-1.046745014E1,-2.930502892E0,1.177234234E1
1.053733046E1,-1.369483352E0,-1.240196514E1,-2.509123325E0,1.272713337E1
1.055733791E1,-5.487510204E0,-1.312980175E1,-2.116474390E0,1.438693595E1
1.057784557E1,-6.579266071E0,-1.216254425E1,-1.493981838E0,1.390849404E1
1.059734151E1,-6.837840080E0,-1.130063248E1,-2.489969730E-1,1.321069078E1
1.061733213E1,-8.140285492E0,-1.120486355E1,6.991068721E-1,1.386729842E1
1.063735062E1,-9.385271072E0,-1.132936287E1,1.302445769E0,1.476936495E1
1.065733531E1,-1.122401714E1,-1.131020927E1,1.762132406E0,1.603136006E1
1.067831510E1,-1.218169785E1,-1.100375080E1,2.394201756E0,1.658940916E1
1.069733281E1,-1.278503704E1,-1.066856289E1,4.692635536E0,1.730018019E1
1.071732072E1,-1.275630665E1,-1.089840603E1,4.960785866E0,1.749594266E1
1.073734458E1,-1.214339066E1,-1.108036518E1,4.865017891E0,1.714365271E1
1.075733791E1,-1.154962921E1,-1.146343803E1,4.558559895E0,1.689925486E1
1.077732203E1,-1.113782597E1,-1.200931549E1,4.146757126E0,1.689586992E1
1.079732260E1,-1.055364132E1,-1.237323475E1,4.012681961E0,1.675045969E1
1.081733359E1,-9.998186111E0,-1.306276417E1,4.127603531E0,1.695985389E1
1.083733385E1,-9.193734169E0,-1.419282722E1,2.882618904E0,1.715431678E1
1.085735989E1,-7.642292023E0,-1.541865921E1,1.388636947E0,1.726464572E1
1.087756578E1,-5.487510204E0,-1.798524284E1,-8.331822157E-1,1.882221881E1
1.089733703E1,2.298433632E-1,-2.016875458E1,-2.576161146E0,2.033391491E1
1.091733822E1,1.430774975E1,-1.817677879E1,-6.157886982E0,2.393797323E1
1.093737786E1,2.941995049E1,-1.190397072E1,-7.096413612E0,3.252071788E1
1.095730953E1,3.372951508E1,-1.379060149E0,2.193088770E0,3.382885798E1
1.097731776E1,3.003286552E1,8.494627953E0,7.900865555E0,3.219558032E1
1.099732760E1,3.201526642E1,1.387679291E1,4.970362663E0,3.524552695E1
1.101733338E1,3.873818207E1,1.520796967E1,5.477933407E0,4.197543145E1
1.103732713E1,3.823061371E1,1.129105568E1,2.604891539E0,3.994813166E1
1.105760333E1,2.856761551E1,4.223371983E0,-1.292868972E0,2.890704130E1
1.107734234E1,1.920149803E1,-1.522712231E0,-3.303998232E0,1.954309555E1
1.109732796E1,1.551442719E1,-4.031835556E0,-3.936067581E0,1.650593157E1
1.111734671E1,1.270842266E1,-5.908889771E0,-3.055001259E0,1.434405861E1
1.113734979E1,7.833827972E0,-8.973467827E0,-2.691082716E0,1.221203962E1
1.115733994E1,1.513135433E0,-1.172201157E1,-2.853888512E0,1.215893966E1
1.117733500E1,-2.681505919E0,-1.397256088E1,-2.566584110E0,1.445718803E1
1.119732552E1,-5.928043365E0,-1.398213768E1,-2.652775526E0,1.541684437E1
1.121731614E1,-6.789956093E0,-1.314895535E1,-2.461239338E0,1.500187420E1
1.123732583E1,-7.278373241E0,-1.246900272E1,-7.852981687E-1,1.445916454E1
1.125733026E1,-8.781931877E0,-1.219127464E1,5.267243981E-1,1.503419248E1
1.127733541E1,-1.099417400E1,-1.226788998E1,1.417367458E0,1.653426494E1
1.129732276E1,-1.269884586E1,-1.220085144E1,2.528276920E0,1.779083040E1
1.131732234E1,-1.401086807E1,-1.188481712E1,3.878606796E0,1.877756355E1
1.133732614E1,-1.395340729E1,-1.148259163E1,4.817133904E0,1.870166475E1
1.135732489E1,-1.332133865E1,-1.139640045E1,5.114014626E0,1.826168536E1
1.137731906E1,-1.261265469E1,-1.159751320E1,4.673481941E0,1.776014651E1
1.139731765E1,-1.139640045E1,-1.179862595E1,4.252102375E0,1.694596979E1
1.141733312E1,-1.035252857E1,-1.206677628E1,3.620033026E0,1.630602884E1
1.143733729E1,-1.018972206E1,-1.245942593E1,3.227383852E0,1.641595981E1
1.145732041E1,-9.720458984E0,-1.322556973E1,2.470816135E0,1.659843215E1
1.147733052E1,-8.121131897E0,-1.471955204E1,1.618480325E0,1.688897493E1
1.149732208E1,-8.121131897E0,-1.471955204E1,1.618480325E0,1.688897493E1
1.151732083E1,-7.556100368E0,-1.542823601E1,1.580173135E0,1.725172647E1
1.153732406E1,1.331176162E0,-2.173935127E1,-3.687070608E0,2.208995051E1
1.155734198E1,1.737232780E1,-2.204580879E1,-7.393294811E0,2.902544172E1
1.157732364E1,3.641101837E1,-1.385763931E1,-5.075707436E0,3.928815639E1
1.159733218E1,3.756023788E1,-2.968810201E-1,7.996633530E0,3.840319982E1
1.161733406E1,2.577118683E1,9.184157372E0,6.799532890E0,2.819107066E1
1.163733098E1,2.827073288E1,1.242111874E1,1.886630893E0,3.093667572E1
1.165733984E1,4.005020523E1,1.392467690E1,6.655880928E0,4.292104748E1
1.167733640E1,4.057693100E1,1.146343803E1,2.298433542E0,4.222772238E1
1.169734411E1,3.212060928E1,5.995080948E0,-1.924938202E0,3.273194042E1
1.171732239E1,2.117432022E1,-1.704671621E0,-3.169923067E0,2.147803889E1
1.173732296E1,1.733402061E1,-4.414907932E0,-3.265691042E0,1.818308062E1
1.175732354E1,1.524627686E1,-6.521805286E0,-3.840299606E0,1.702148064E1
1.177730510E1,1.109951878E1,-9.069235802E0,-3.313575268E0,1.471156471E1
1.179732166E1,5.037400246E0,-1.136767006E1,-3.179499865E0,1.283388262E1
1.181732932E1,-1.953668594E0,-1.432690334E1,-3.227383852E0,1.481529571E1
1.183734119E1,-5.908889771E0,-1.490151119E1,-2.355894566E0,1.620247677E1
1.185734072E1,-6.579266071E0,-1.396298409E1,-1.216254473E0,1.548324713E1
1.187732937E1,-6.598419666E0,-1.299572659E1,5.841852427E-1,1.458661455E1
1.189732671E1,-8.140285492E0,-1.254561710E1,1.379060149E0,1.501860724E1
1.191731958E1,-1.058237171E1,-1.276588345E1,1.934514999E0,1.669421216E1
1.193731036E1,-1.272757626E1,-1.281376743E1,2.940079689E0,1.829830325E1
1.195732052E1,-1.321599293E1,-1.213381386E1,4.127603531E0,1.841002495E1
1.197731854E1,-1.250730991E1,-1.134851646E1,4.855441093E0,1.757261891E1
1.199732270E1,-1.213381386E1,-1.116655636E1,4.529829502E0,1.710089983E1
1.201749937E1,-1.155920601E1,-1.110909557E1,3.677493811E0,1.644844092E1
1.203734109E1,-1.053448772E1,-1.099417400E1,3.380612850E0,1.559730223E1
1.205733031E1,-1.008437729E1,-1.127190113E1,2.930502892E0,1.540578682E1
1.207732474E1,-9.682151794E0,-1.177947235E1,2.681505919E0,1.548194129E1
1.209732666E1,-9.337387085E0,-1.253604031E1,2.173935175E0,1.578179642E1
1.211736151E1,-9.433155060E0,-1.347456741E1,1.829170108E0,1.654975059E1
1.213732474E1,-9.969455719E0,-1.447055531E1,2.537853718E0,1.775465347E1
1.215733343E1,-1.086009884E1,-1.560061836E1,3.715801001E0,1.936822700E1
1.217769458E1,-1.228704357E1,-1.461420727E1,3.323152065E0,1.938014018E1
1.219732453E1,-9.634267807E0,-1.438436413E1,-9.385270476E-1,1.733810487E1
1.221731770E1,-1.465251446E0,-2.136585617E1,-5.928043365E0,2.222135167E1
1.223748927E1,8.044517517E0,-2.718855476E1,-5.602431774E0,2.890188599E1
1.225734786E1,3.227383804E1,-2.575203323E1,-7.125144482E0,4.189911123E1
1.227733520E1,4.648582077E1,-1.183693314E1,-2.106897533E-1,4.796966655E1
1.229732671E1,3.184288216E1,1.704671621E0,5.343858242E0,3.233313889E1
1.231733265E1,1.884715652E1,1.186566353E1,2.087743998E0,2.236890599E1
1.233734140E1,2.979344559E1,1.435563374E1,-1.244984865E-1,3.307187808E1
1.235732296E1,3.341347885E1,8.858546257E0,2.240972757E0,3.464038640E1
1.237735781E1,1.859815788E1,1.398213744E0,-1.886630893E0,1.874582232E1
1.239732416E1,1.178904915E1,-2.557007313E0,-1.446097851E0,1.214953354E1
1.241733427E1,1.332133865E1,-2.432508945E0,-6.033388376E-1,1.355504264E1
1.243732640E1,1.347456741E1,-4.146757126E0,-5.267243981E-1,1.410804736E1
1.245734177E1,9.366117477E0,-6.483498096E0,2.202665508E-1,1.139334988E1
1.247732791E1,4.520252705E0,-8.561665535E0,-1.149216816E-1,9.682355511E0
1.249734364E1,-2.375048161E0,-1.032379818E1,-1.417367458E0,1.068787131E1
1.251731906E1,-4.357447147E0,-9.318233490E0,-1.359906554E0,1.037623086E1
1.253734984E1,-4.548983097E0,-8.025363922E0,-8.331822157E-1,9.262499981E0
1.255733250E1,-6.148310184E0,-8.015787125E0,-2.375048161E0,1.037764015E1
1.257732166E1,-8.073247910E0,-8.293514252E0,-2.853888512E0,1.192075459E1
1.259733260E1,-9.270348549E0,-8.226476669E0,-3.505111217E0,1.288022070E1
1.261732994E1,-7.958326340E0,-7.029376030E0,-4.367023945E0,1.148120131E1
1.263735604E1,-7.259219646E0,-6.263231754E0,-4.884171486E0,1.076008703E1
1.265732474E1,-7.613561630E0,-5.813121796E0,-4.836287498E0,1.073072143E1
1.267731619E1,-8.283937454E0,-5.774814606E0,-4.041412354E0,1.087681559E1
1.269762171E1,-6.397306919E0,-4.606443882E0,-4.826710701E0,9.243484043E0
1.271732531E1,-4.625597477E0,-3.552995205E0,-4.338293552E0,7.269162118E0
1.273737708E1,-3.179499865E0,-2.193088770E0,-4.788403511E0,6.152045670E0
1.275734958E1,-3.303998232E0,-1.800439715E0,-3.936067581E0,5.445237873E0
1.277733468E1,-3.457227230E0,-1.714248419E0,-3.141192675E0,4.975757146E0
1.279733078E1,-3.409343243E0,-1.063025594E0,-3.256114244E0,4.832796782E0
1.281733046E1,-3.447650373E-1,-9.576806799E-3,-3.074155092E0,3.093442124E0
1.283733791E1,-4.118026793E-1,1.043871999E0,-1.886630893E0,2.195136971E0
1.285733552E1,-3.160346150E-1,2.020706177E0,-9.576807022E-1,2.258380760E0
1.287734354E1,-1.244984865E0,2.873042107E0,-4.022258818E-1,3.156920005E0
1.289732239E1,-8.140285611E-1,4.041412354E0,-7.661445141E-1,4.193165120E0
1.291731989E1,1.158793569E0,5.219359875E0,-1.168370485E0,5.472623651E0
1.293743500E1,3.734954596E0,4.510675907E0,-1.905784607E0,6.158579214E0
1.295733010E1,2.614468336E0,2.059013367E0,-1.369483352E0,3.598675503E0
1.297732724E1,4.788403511E-1,2.298433632E-1,-8.427590132E-1,9.961720774E-1
1.299731718E1,5.267243981E-1,-6.512228847E-1,3.734954596E-1,9.170761666E-1
1.301734593E1,1.149216771E0,-4.405331016E-1,2.039859772E0,2.382393017E0
1.303737661E1,1.800439715E0,2.873042040E-2,2.968810081E0,3.472209946E0
1.305732932E1,1.398213744E0,1.043871999E0,2.738966703E0,3.247554315E0
1.307732437E1,6.799532771E-1,1.647210717E0,2.097320795E0,2.752161718E0
1.309736515E1,2.202665508E-1,2.116474390E0,2.422932148E0,3.224683146E0
1.311732400E1,5.267243981E-1,2.240972757E0,2.126051188E0,3.133606731E0
1.313732411E1,5.554547906E-1,9.097966552E-1,2.489969730E-1,1.094650387E0
1.315732520E1,5.554547906E-1,9.097966552E-1,2.489969730E-1,1.094650387E0
1.317731182E1,2.968810201E-1,5.363011956E-1,4.979939461E-1,7.897817944E-1
1.319732036E1,3.064578176E-1,5.937620401E-1,-2.298433632E-1,7.066100239E-1
1.321733302E1,9.097966552E-1,1.493981838E0,-1.254561663E0,2.152588361E0
1.323734505E1,1.321599364E0,1.618480325E0,-1.388636947E0,2.508867476E0
1.325732864E1,7.852981687E-1,1.398213744E0,-1.177947283E0,1.989787599E0
1.327777963E1,5.458779931E-1,1.158793569E0,-8.619126081E-1,1.543916663E0
1.329732671E1,6.416460276E-1,9.864110947E-1,-1.216254473E0,1.692333128E0
1.331733468E1,2.968810201E-1,7.852981687E-1,-1.130063176E0,1.407790587E0
1.333733151E1,3.926490843E-1,9.576807022E-1,-7.086837292E-1,1.254415505E0
1.335768020E1,5.171475410E-1,1.149216771E0,-6.895300746E-1,1.436520967E0
1.337731869E1,3.064578176E-1,8.427590132E-1,-8.714894056E-1,1.250461088E0
1.339734489E1,4.405331016E-1,7.182605267E-1,-5.937620401E-1,1.030786572E0
1.341732312E1,2.968810201E-1,5.267243981E-1,-3.064578176E-1,6.778593701E-1
1.343734296E1,2.298433632E-1,4.884171486E-1,0.000000000E0,5.397955934E-1
1.345732953E1,1.340752989E-1,4.596867263E-1,-5.746084079E-2,4.822756684E-1
1.347732395E1,1.244984865E-1,4.692635238E-1,-1.149216816E-1,4.989139413E-1
1.349731598E1,6.703764945E-2,4.405331016E-1,-1.532289088E-1,4.712139201E-1
1.351733958E1,-5.746084079E-2,3.447650373E-1,-1.915361285E-1,3.985608708E-1
1.353733479E1,-8.619125932E-2,3.256114423E-1,-3.447650373E-1,4.819903272E-1
1.355796526E1,0.000000000E0,2.777273953E-1,-6.129156351E-1,6.729027284E-1
1.357733255E1,1.532289088E-1,2.489969730E-1,-6.033388376E-1,6.704448852E-1
1.359732874E1,1.244984865E-1,2.298433632E-1,-4.405331016E-1,5.122472629E-1
1.361733817E1,1.436520964E-1,2.298433632E-1,-4.213795066E-1,5.010235373E-1
1.363733223E1,1.915361285E-1,2.011129409E-1,-3.734954596E-1,4.654367431E-1
1.365733453E1,2.489969730E-1,2.011129409E-1,-1.819593310E-1,3.681780897E-1
1.367732588E1,3.256114423E-1,2.585737705E-1,-1.915361285E-1,4.577873903E-1
1.369733046E1,2.873041928E-1,3.064578176E-1,-3.830722719E-2,4.218145763E-1
1.371733880E1,1.149216816E-1,2.873041928E-1,2.106897533E-1,3.743539291E-1
1.373734333E1,2.873042040E-2,3.160346150E-1,1.628057212E-1,3.566637321E-1
1.375734624E1,1.053448766E-1,2.489969730E-1,1.149216816E-1,2.937754730E-1
1.377730864E1,1.340752989E-1,1.819593310E-1,2.298433632E-1,3.223559454E-1
1.379733156E1,1.053448766E-1,1.628057212E-1,1.149216816E-1,2.254112659E-1
1.381732380E1,1.244984865E-1,9.576806426E-2,-9.576806799E-3,1.573629896E-1
1.383731161E1,-9.576806799E-3,1.053448766E-1,-2.489969730E-1,2.705341953E-1
1.385733729E1,5.746084079E-2,8.619125932E-2,-1.436520964E-1,1.771062004E-1
1.387756650E1,7.661445439E-2,5.746084079E-2,-1.628057212E-1,1.888841594E-1
1.389733593E1,0.000000000E0,2.873042040E-2,-2.202665508E-1,2.221323715E-1
1.391734182E1,1.915361360E-2,1.915361360E-2,-3.064578176E-1,3.076525894E-1
1.393733776E1,-6.703764945E-2,-5.746084079E-2,-2.298433632E-1,2.462189397E-1
1.395732020E1,-7.661445439E-2,-3.830722719E-2,9.576806799E-3,8.619126119E-2
1.397733442E1,4.788403213E-2,2.873042040E-2,-9.576806799E-3,5.665715151E-2
1.399733400E1,5.746084079E-2,9.576806426E-2,-2.873042040E-2,1.153200217E-1
1.401732354E1,7.661445439E-2,7.661445439E-2,-3.830722719E-2,1.149216816E-1
1.403732505E1,7.661445439E-2,7.661445439E-2,-3.830722719E-2,1.149216816E-1
1.405736458E1,1.915361285E-1,1.244984865E-1,9.576806426E-2,2.477044283E-1
1.407732578E1,1.340752989E-1,1.149216816E-1,5.746084079E-2,1.857011764E-1
1.409733020E1,3.830722719E-2,1.532289088E-1,1.244984865E-1,2.011129416E-1
1.411732400E1,1.244984865E-1,1.819593310E-1,1.819593310E-1,2.858640751E-1
1.413734526E1,1.436520964E-1,1.628057212E-1,1.149216816E-1,2.456595623E-1
1.415733067E1,4.788403213E-2,1.053448766E-1,-1.053448766E-1,1.564863144E-1
1.417766900E1,8.619125932E-2,4.788403213E-2,-2.777273953E-1,2.947105696E-1
1.419732750E1,2.873042040E-2,2.873042040E-2,-1.915361285E-1,1.957982703E-1
1.421733015E1,5.746084079E-2,8.619125932E-2,-1.628057212E-1,1.929673139E-1
1.423732911E1,1.340752989E-1,5.746084079E-2,-1.532289088E-1,2.115585793E-1
1.425731953E1,1.723825186E-1,1.053448766E-1,6.703764945E-2,2.128551672E-1
1.427733265E1,7.661445439E-2,3.830722719E-2,-3.830722719E-2,9.383316009E-2
1.429732749E1,6.703764945E-2,4.788403213E-2,-8.619125932E-2,1.192302821E-1
1.431734239E1,9.576806426E-2,1.149216816E-1,-6.703764945E-2,1.639285255E-1
1.433733432E1,1.053448766E-1,9.576806426E-2,-9.576806426E-2,1.715825961E-1
1.435733255E1,1.532289088E-1,1.053448766E-1,-9.576806426E-2,2.091606169E-1
1.437732843E1,1.340752989E-1,9.576806426E-2,-2.873042040E-2,1.672517413E-1
1.439733208E1,1.628057212E-1,1.628057212E-1,5.746084079E-2,2.373039273E-1
1.441733286E1,2.106897533E-1,1.723825186E-1,9.576806426E-2,2.885782858E-1
1.443733453E1,2.489969730E-1,1.244984865E-1,9.576806799E-3,2.785517563E-1
1.445737359E1,1.149216816E-1,1.244984865E-1,9.576806799E-3,1.697014475E-1
1.447733744E1,4.788403213E-2,5.746084079E-2,-4.788403213E-2,8.881165065E-2
1.449732552E1,9.576806426E-2,6.703764945E-2,-2.873042040E-2,1.203785929E-1
1.451735630E1,2.011129409E-1,4.788403213E-2,1.915361360E-2,2.076202217E-1
1.453733598E1,1.244984865E-1,9.576806426E-2,9.576806799E-3,1.573629896E-1
1.455733067E1,1.244984865E-1,1.915361360E-2,9.576806799E-3,1.263267560E-1
1.457732302E1,1.149216816E-1,9.576806799E-3,-4.788403213E-2,1.248662831E-1
1.459733041E1,7.661445439E-2,0.000000000E0,-9.576806426E-2,1.226429645E-1
1.461731994E1,1.053448766E-1,-4.788403213E-2,-4.788403213E-2,1.252329993E-1
1.463731463E1,1.053448766E-1,4.788403213E-2,-5.746084079E-2,1.291981880E-1
1.465731494E1,2.968810201E-1,6.703764945E-2,1.915361360E-2,3.049577798E-1
1.467731505E1,2.777273953E-1,3.830722719E-2,-9.576806799E-3,2.805203468E-1
1.469733557E1,8.619125932E-2,-5.746084079E-2,-5.746084079E-2,1.184585566E-1
1.471732635E1,3.830722719E-2,9.576806799E-3,-2.873042040E-2,4.883232474E-2
1.473732546E1,1.532289088E-1,4.788403213E-2,-9.576806799E-3,1.608219334E-1
1.475732302E1,1.436520964E-1,4.788403213E-2,9.576806799E-3,1.517251481E-1
1.477731182E1,1.244984865E-1,4.788403213E-2,5.746084079E-2,1.452394640E-1
1.479733208E1,6.703764945E-2,8.619125932E-2,2.873042040E-2,1.129088866E-1
1.481732182E1,1.436520964E-1,1.915361360E-2,-1.149216816E-1,1.849588565E-1
1.483733432E1,2.298433632E-1,7.661445439E-2,-6.703764945E-2,2.513797777E-1
1.485735119E1,1.149216816E-1,9.576806799E-3,-7.661445439E-2,1.384502898E-1
1.487730885E1,-1.915361360E-2,3.830722719E-2,-2.106897533E-1,2.149987830E-1
1.489733244E1,4.788403213E-2,9.576806426E-2,-1.819593310E-1,2.111246097E-1
1.491733557E1,1.244984865E-1,5.746084079E-2,-2.873042040E-2,1.400966039E-1
1.493732677E1,1.819593310E-1,-9.576806799E-3,1.340752989E-1,2.262235601E-1
1.495729531E1,1.340752989E-1,9.576806426E-2,8.619125932E-2,1.859479526E-1
1.497761645E1,4.788403213E-2,1.149216816E-1,5.746084079E-2,1.371190054E-1
1.499734197E1,7.661445439E-2,1.244984865E-1,-9.576806799E-3,1.464969726E-1
1.501792760E1,1.244984865E-1,1.628057212E-1,-3.830722719E-2,2.085018457E-1
1.503733619E1,1.436520964E-1,9.576806426E-2,-1.915361360E-2,1.737075354E-1
1.505733598E1,1.628057212E-1,9.576806426E-2,9.576806799E-3,1.891267834E-1
1.507732364E1,1.915361285E-1,1.436520964E-1,1.532289088E-1,2.842553637E-1
1.509733385E1,1.244984865E-1,9.576806426E-2,7.661445439E-2,1.747603213E-1
1.511734192E1,7.661445439E-2,4.788403213E-2,-2.202665508E-1,2.380756362E-1
1.513733411E1,1.244984865E-1,4.788403213E-2,-2.585737705E-1,2.909521412E-1
1.515731276E1,1.149216816E-1,1.053448766E-1,-8.619125932E-2,1.781389040E-1
1.517732973E1,1.915361360E-2,9.576806426E-2,4.788403213E-2,1.087716120E-1
1.519732426E1,-8.619125932E-2,4.788403213E-2,-1.532289088E-1,1.822111747E-1
1.521735786E1,7.661445439E-2,6.703764945E-2,-1.915361285E-1,2.169099112E-1
1.523732666E1,1.244984865E-1,8.619125932E-2,-7.661445439E-2,1.697014465E-1
1.525772682E1,4.788403213E-2,4.788403213E-2,-7.661445439E-2,1.022523138E-1
1.527735057E1,1.340752989E-1,1.053448766E-1,5.746084079E-2,1.799318678E-1
1.529733807E1,2.873042040E-2,9.576806426E-2,1.149216816E-1,1.523284349E-1
1.531732729E1,3.830722719E-2,1.244984865E-1,-8.619125932E-2,1.561929896E-1
1.533731973E1,1.340752989E-1,1.340752989E-1,-1.053448766E-1,2.169099228E-1
1.535733249E1,1.915361360E-2,1.244984865E-1,-1.244984865E-1,1.771062032E-1
1.537732364E1,2.681505978E-1,1.532289088E-1,-4.788403213E-2,3.125327537E-1
1.539733578E1,1.436520964E-1,1.149216816E-1,2.106897533E-1,2.797017873E-1
1.541735260E1,-9.576806799E-3,9.576806426E-2,2.681505978E-1,2.848999482E-1
1.543733380E1,8.619125932E-2,1.628057212E-1,-5.746084079E-2,1.929673139E-1
1.545756687E1,1.436520964E-1,9.576806426E-2,-2.011129409E-1,2.650544509E-1
1.547734359E1,4.788403213E-2,4.788403213E-2,-6.703764945E-2,9.528802396E-2
1.549733572E1,1.915361360E-2,5.746084079E-2,-5.746084079E-2,8.348866607E-2
1.551733807E1,1.915361360E-2,1.915361360E-2,-1.819593310E-1,1.839644530E-1
1.553733609E1,1.149216816E-1,4.788403213E-2,-1.819593310E-1,2.204746507E-1
1.555732322E1,1.149216816E-1,5.746084079E-2,-5.746084079E-2,1.407497401E-1
1.557733395E1,9.576806799E-3,4.788403213E-2,-1.915361360E-2,5.245432942E-2
1.559789952E1,1.915361360E-2,4.788403213E-2,-8.619125932E-2,1.004423946E-1
1.561733854E1,7.661445439E-2,1.053448766E-1,-1.436520964E-1,1.939155550E-1
1.563733906E1,1.244984865E-1,1.244984865E-1,-1.340752989E-1,2.213050656E-1
1.565734145E1,1.723825186E-1,2.873042040E-2,-1.149216816E-1,2.091606146E-1
1.567732765E1,1.819593310E-1,1.340752989E-1,8.619125932E-2,2.418973276E-1
1.569734562E1,2.873042040E-2,8.619125932E-2,1.915361285E-1,2.119916479E-1
1.571734525E1,5.746084079E-2,1.436520964E-1,8.619125932E-2,1.771062004E-1
1.573734395E1,2.106897533E-1,1.532289088E-1,-2.873042040E-2,2.620967525E-1
1.575731885E1,1.340752989E-1,5.746084079E-2,-1.436520964E-1,2.047287444E-1
1.577734171E1,7.661445439E-2,9.576806426E-2,0.000000000E0,1.226429645E-1
1.579733520E1,-1.915361360E-2,5.746084079E-2,4.788403213E-2,7.721068366E-2
1.581733202E1,1.915361360E-2,9.576806426E-2,-1.053448766E-1,1.436521009E-1
1.583731213E1,1.149216816E-1,3.830722719E-2,-9.576806426E-2,1.544213673E-1
1.585733025E1,9.576806426E-2,5.746084079E-2,2.873042040E-2,1.153200217E-1
1.587732755E1,9.576806426E-2,2.873042040E-2,-7.661445439E-2,1.259632240E-1
1.589735411E1,-3.830722719E-2,2.873042040E-2,1.915361360E-2,5.157268294E-2
1.591733208E1,9.576806426E-2,6.703764945E-2,0.000000000E0,1.168998228E-1
1.593758473E1,1.628057212E-1,4.788403213E-2,-6.703764945E-2,1.824626806E-1
1.595731859E1,1.053448766E-1,1.915361360E-2,-4.788403213E-2,1.172914510E-1
1.597733390E1,6.703764945E-2,4.788403213E-2,-5.746084079E-2,1.004423974E-1
1.599734025E1,2.873042040E-2,4.788403213E-2,-8.619125932E-2,1.026998090E-1
1.601733604E1,8.619125932E-2,5.746084079E-2,-7.661445439E-2,1.288427570E-1
1.603734338E1,2.011129409E-1,6.703764945E-2,0.000000000E0,2.119916542E-1
1.605732947E1,1.436520964E-1,1.915361360E-2,-9.576806799E-3,1.452394607E-1
1.607732911E1,2.873042040E-2,5.746084079E-2,-9.576806799E-3,6.495306389E-2
1.609734286E1,1.340752989E-1,8.619125932E-2,-9.576806799E-3,1.596772814E-1
1.611733552E1,1.340752989E-1,6.703764945E-2,1.915361360E-2,1.511194664E-1
1.613775395E1,1.436520964E-1,7.661445439E-2,0.000000000E0,1.628057106E-1
1.615730161E1,1.340752989E-1,6.703764945E-2,-4.788403213E-2,1.573629968E-1
1.617733604E1,1.532289088E-1,8.619125932E-2,-8.619125932E-2,1.957982759E-1
1.619818052E1,4.788403213E-2,7.661445439E-2,9.576806799E-3,9.085356560E-2
1.621734578E1,8.619125932E-2,2.873042040E-2,3.830722719E-2,9.859925910E-2
1.623733067E1,1.723825186E-1,6.703764945E-2,-4.788403213E-2,1.910566924E-1
1.625731958E1,4.788403213E-2,-1.915361360E-2,-5.746084079E-2,7.721068366E-2
1.627732124E1,1.244984865E-1,2.873042040E-2,-8.619125932E-2,1.541241168E-1
1.629733604E1,1.340752989E-1,6.703764945E-2,-1.915361360E-2,1.511194664E-1
1.631732702E1,3.830722719E-2,-3.830722719E-2,-2.873042040E-2,6.132148373E-2
1.633731926E1,-1.053448766E-1,-3.830722719E-2,-3.256114423E-1,3.443657911E-1
1.635731025E1,1.532289088E-1,1.053448766E-1,-5.746083856E-1,6.039465525E-1
1.637731552E1,7.852981687E-1,-9.193734527E-1,-4.022258818E-1,1.274255241E0
1.639733755E1,7.852981687E-1,-9.193734527E-1,-4.022258818E-1,1.274255241E0
1.641733895E1,2.106897533E-1,-2.681505978E-1,8.619125932E-2,3.517440098E-1
1.643734140E1,2.873041928E-1,3.447650373E-1,1.723825186E-1,4.807518725E-1
1.645733630E1,9.864110947E-1,-2.394201756E-1,5.937620401E-1,1.175960130E0
1.647734749E1,8.619126081E-1,2.489969730E-1,8.236053586E-1,1.217874634E0
1.649732171E1,-1.149216816E-1,2.873042040E-2,4.788403213E-2,1.277705384E-1
1.651733567E1,-2.681505978E-1,8.619125932E-2,-7.661445141E-1,8.162788082E-1
1.653732244E1,-5.458779931E-1,3.543418646E-1,-3.256114423E-1,7.277113107E-1
1.655730682E1,-6.607996821E-1,4.213795066E-1,5.746083856E-1,9.717981813E-1
1.657731234E1,4.118026793E-1,2.106897533E-1,5.171475410E-1,6.938394613E-1
1.659732890E1,1.819593310E-1,1.340752989E-1,-3.639186621E-1,4.283948839E-1
1.661752322E1,-4.692635238E-1,2.489969730E-1,-2.968810201E-1,6.085606687E-1
1.663734838E1,-1.015141487E0,2.202665508E-1,-2.873041928E-1,1.077763096E0
1.665731885E1,-8.331822157E-1,2.777273953E-1,1.723825186E-1,8.950088510E-1
1.667733098E1,-3.830722719E-2,2.011129409E-1,5.650315881E-1,6.009779981E-1
1.669733671E1,2.968810201E-1,-9.576806799E-3,1.915361285E-1,3.534347802E-1
1.671775812E1,4.022258818E-1,2.873042040E-2,-2.298433632E-1,4.641541432E-1
1.673733140E1,2.394201756E-1,4.788403213E-2,-3.160346150E-1,3.993654703E-1
1.675733176E1,-1.340752989E-1,1.436520964E-1,4.788403213E-2,2.022498235E-1
1.677732458E1,-7.661445439E-2,3.830722719E-2,1.244984865E-1,1.511194608E-1
1.679732630E1,0.000000000E0,-2.873042040E-2,9.576806799E-3,3.028452219E-2
1.681735744E1,2.873041928E-1,-2.873042040E-2,-8.619125932E-2,3.013271800E-1
1.683736791E1,2.298433632E-1,7.661445439E-2,-1.340752989E-1,2.769005814E-1
1.685732645E1,-3.830722719E-2,2.106897533E-1,0.000000000E0,2.141439138E-1
1.687733072E1,5.746084079E-2,0.000000000E0,8.619125932E-2,1.035890024E-1
1.689732270E1,2.585737705E-1,-2.106897533E-1,6.703764945E-2,3.402126003E-1
1.691734036E1,4.405331016E-1,-8.619125932E-2,2.585737705E-1,5.180335332E-1
1.693732385E1,3.351882398E-1,-4.788403213E-2,5.746084079E-2,3.434323585E-1
1.695729801E1,1.436520964E-1,-7.661445439E-2,6.703764945E-2,1.760674469E-1
1.697732494E1,1.723825186E-1,-4.788403213E-2,-1.149216816E-1,2.126396157E-1
1.699736369E1,1.436520964E-1,-8.619125932E-2,-5.746084079E-2,1.771062004E-1
1.701734041E1,3.160346150E-1,-1.149216816E-1,1.628057212E-1,3.736182191E-1
1.703735114E1,3.734954596E-1,-1.436520964E-1,1.628057212E-1,4.320190805E-1
1.705733984E1,3.447650373E-1,-1.053448766E-1,1.628057212E-1,3.955580575E-1
1.707734807E1,1.340752989E-1,-5.746084079E-2,1.340752989E-1,1.981265247E-1
1.709733140E1,1.915361285E-1,-1.436520964E-1,9.576806799E-3,2.396116202E-1
1.711732130E1,2.394201756E-1,-1.340752989E-1,-9.576806426E-2,2.906367636E-1
1.713732239E1,2.873041928E-1,-1.053448766E-1,-1.340752989E-1,3.340919454E-1
1.715730322E1,2.489969730E-1,-3.830722719E-2,1.340752989E-1,2.853824136E-1
1.717733786E1,2.968810201E-1,-6.703764945E-2,1.436520964E-1,3.365535787E-1
1.719732807E1,3.256114423E-1,0.000000000E0,1.244984865E-1,3.486010392E-1
1.721732765E1,3.543418646E-1,-9.576806426E-2,5.746084079E-2,3.715258098E-1
1.723775650E1,2.777273953E-1,-4.788403213E-2,2.011129409E-1,3.462250737E-1
1.725733364E1,3.064578176E-1,9.576806799E-3,1.244984865E-1,3.309199032E-1
1.727734005E1,2.298433632E-1,9.576806799E-3,1.053448766E-1,2.530162640E-1
1.729732604E1,2.394201756E-1,-2.873042040E-2,1.340752989E-1,2.759051346E-1
1.731732130E1,2.873041928E-1,-1.053448766E-1,2.106897533E-1,3.715257923E-1
1.733797900E1,3.160346150E-1,-8.619125932E-2,6.703764945E-2,3.343663523E-1
1.735730447E1,3.160346150E-1,-3.830722719E-2,1.915361285E-1,3.715257866E-1
1.737732046E1,3.256114423E-1,-2.011129409E-1,-6.703764945E-2,3.885399244E-1
1.739732848E1,3.256114423E-1,-2.011129409E-1,-6.703764945E-2,3.885399244E-1
1.741734645E1,2.489969730E-1,-1.628057212E-1,-7.661445439E-2,3.072050944E-1
1.743732546E1,1.915361285E-1,-1.436520964E-1,3.830722719E-2,2.424653727E-1
1.745733130E1,3.064578176E-1,-7.661445439E-2,-8.619125932E-2,3.274371722E-1
1.747779604E1,2.106897533E-1,-1.915361360E-2,7.661445439E-2,2.250040170E-1
1.749736223E1,2.585737705E-1,-9.576806799E-3,2.873041928E-1,3.866468792E-1
1.751762057E1,2.011129409E-1,0.000000000E0,2.394201756E-1,3.126794452E-1
1.753733135E1,3.064578176E-1,-1.915361360E-2,3.830722719E-2,3.094360976E-1
1.755729749E1,1.819593310E-1,-3.830722719E-2,-4.788403213E-2,1.920143806E-1
1.757731713E1,2.106897533E-1,-3.830722719E-2,1.915361360E-2,2.149987830E-1
1.759733671E1,3.064578176E-1,0.000000000E0,1.628057212E-1,3.470188709E-1
1.761733864E1,3.256114423E-1,-7.661445439E-2,1.149216816E-1,3.536941884E-1
1.763771265E1,2.106897533E-1,-2.873042040E-2,1.244984865E-1,2.464051183E-1
1.765733109E1,2.011129409E-1,-9.576806799E-3,1.053448766E-1,2.272348417E-1
1.767734713E1,2.489969730E-1,0.000000000E0,2.873042040E-2,2.506490168E-1
1.769733130E1,3.447650373E-1,-2.873042040E-2,0.000000000E0,3.459600671E-1
1.771733551E1,3.256114423E-1,-6.703764945E-2,1.244984865E-1,3.549883533E-1
1.773733374E1,2.394201756E-1,-1.244984865E-1,8.619125932E-2,2.832857688E-1
1.775732150E1,2.202665508E-1,-1.053448766E-1,1.149216816E-1,2.698553118E-1
1.777734254E1,3.064578176E-1,-4.788403213E-2,8.619125932E-2,3.219288860E-1
1.779732812E1,1.436520964E-1,-3.830722719E-2,8.619125932E-2,1.718496483E-1
1.781732135E1,1.053448766E-1,-2.873042040E-2,-9.576806799E-3,1.096115656E-1
1.783733182E1,1.244984865E-1,-1.915361360E-2,4.788403213E-2,1.347576142E-1
1.785734150E1,1.819593310E-1,-4.788403213E-2,1.436520964E-1,2.367234747E-1
1.787735145E1,1.628057212E-1,-8.619125932E-2,1.436520964E-1,2.336034264E-1
1.789734057E1,1.436520964E-1,-1.340752989E-1,3.830722719E-2,2.001987868E-1
1.791733176E1,1.149216816E-1,-1.244984865E-1,1.915361360E-2,1.705101961E-1
1.793732775E1,5.746084079E-2,-9.576806426E-2,8.619125932E-2,1.410751698E-1
1.795731812E1,1.053448766E-1,-5.746084079E-2,9.576806426E-2,1.535278913E-1
1.797798781E1,1.628057212E-1,-7.661445439E-2,1.053448766E-1,2.085018477E-1
1.799735505E1,1.436520964E-1,-8.619125932E-2,1.915361285E-1,2.544620728E-1
1.801735458E1,1.244984865E-1,-1.723825186E-1,3.830722719E-2,2.160626056E-1
1.803732619E1,1.149216816E-1,-2.011129409E-1,-1.053448766E-1,2.544620815E-1
1.805734093E1,1.053448766E-1,-1.149216816E-1,7.661445439E-2,1.737075432E-1
1.807732812E1,1.532289088E-1,-8.619125932E-2,4.788403213E-2,1.822111747E-1
1.809733775E1,1.053448766E-1,-9.576806426E-2,8.619125932E-2,1.664271563E-1
1.811768906E1,1.340752989E-1,-1.053448766E-1,1.244984865E-1,2.111246124E-1
1.813733942E1,1.053448766E-1,-1.053448766E-1,9.576806426E-2,1.771062060E-1
1.815730468E1,1.149216816E-1,-1.149216816E-1,2.873042040E-2,1.650436998E-1
1.817734484E1,9.576806426E-2,-8.619125932E-2,8.619125932E-2,1.550141558E-1
1.819732869E1,9.576806426E-2,-8.619125932E-2,8.619125932E-2,1.550141558E-1
1.821762833E1,6.703764945E-2,-1.244984865E-1,1.532289088E-1,2.085018419E-1
1.823735942E1,1.149216816E-1,-8.619125932E-2,1.532289088E-1,2.100357697E-1
1.825734671E1,1.149216816E-1,-1.532289088E-1,1.149216816E-1,2.233675990E-1
1.827734145E1,8.619125932E-2,-1.149216816E-1,1.532289088E-1,2.100357697E-1
1.829732291E1,5.746084079E-2,-1.532289088E-1,3.830722719E-2,1.680722772E-1
1.831734630E1,4.788403213E-2,-1.053448766E-1,6.703764945E-2,1.337328307E-1
1.833732348E1,1.149216816E-1,-1.723825186E-1,9.576806426E-2,2.282416434E-1
1.835730223E1,6.703764945E-2,-1.532289088E-1,6.703764945E-2,1.801865460E-1
1.837734322E1,9.576806426E-2,-1.532289088E-1,7.661445439E-2,1.962661337E-1
1.839732505E1,2.873042040E-2,-1.532289088E-1,1.915361360E-2,1.570713101E-1
1.841733051E1,5.746084079E-2,-1.723825186E-1,-9.576806799E-3,1.819593256E-1
1.843731932E1,5.746084079E-2,-1.436520964E-1,8.619125932E-2,1.771062004E-1
1.845733661E1,5.746084079E-2,-1.149216816E-1,1.532289088E-1,1.999695967E-1
1.847731577E1,4.788403213E-2,-1.244984865E-1,1.340752989E-1,1.891267814E-1
1.849732171E1,6.703764945E-2,-4.788403213E-2,7.661445439E-2,1.125020071E-1
1.851732051E1,7.661445439E-2,-6.703764945E-2,9.576806426E-2,1.397688921E-1
1.853732202E1,4.788403213E-2,-4.788403213E-2,8.619125932E-2,1.096115608E-1
1.855730213E1,1.915361360E-2,-4.788403213E-2,1.532289088E-1,1.616751061E-1
1.857731838E1,9.576806426E-2,-8.619125932E-2,9.576806426E-2,1.605365299E-1
1.859732041E1,8.619125932E-2,-1.053448766E-1,1.053448766E-1,1.721162957E-1
1.861773843E1,8.619125932E-2,-1.436520964E-1,6.703764945E-2,1.804408613E-1
1.863731947E1,5.746084079E-2,-1.436520964E-1,6.703764945E-2,1.686170794E-1
1.865733973E1,5.746084079E-2,-9.576806426E-2,7.661445439E-2,1.354364980E-1
1.867732640E1,6.703764945E-2,-1.436520964E-1,3.830722719E-2,1.630871390E-1
1.869732400E1,1.723825186E-1,-8.619125932E-2,5.746084079E-2,2.011129388E-1
1.871732478E1,1.340752989E-1,-3.830722719E-2,5.746084079E-2,1.508157076E-1
1.873732541E1,7.661445439E-2,-1.628057212E-1,7.661445439E-2,1.955639335E-1
1.875732770E1,1.244984865E-1,-1.244984865E-1,2.873042040E-2,1.783961416E-1
1.877732999E1,5.746084079E-2,-1.244984865E-1,1.244984865E-1,1.852066265E-1
1.879731791E1,6.703764945E-2,-1.244984865E-1,4.788403213E-2,1.492876422E-1
1.881732150E1,1.628057212E-1,-2.873042040E-2,6.703764945E-2,1.783961500E-1
1.883731718E1,1.436520964E-1,-9.576806426E-2,1.149216816E-1,2.073992281E-1
1.885733843E1,3.830722719E-2,-1.053448766E-1,1.053448766E-1,1.538262973E-1
1.887732676E1,1.244984865E-1,-9.576806426E-2,1.723825186E-1,2.332104801E-1
1.889732077E1,2.106897533E-1,-2.873042040E-2,8.619125932E-2,2.294439853E-1
1.891731822E1,2.011129409E-1,-3.830722719E-2,8.619125932E-2,2.221323746E-1
1.893730869E1,1.244984865E-1,-1.915361360E-2,8.619125932E-2,1.526291821E-1
1.895729775E1,1.340752989E-1,-5.746084079E-2,-1.915361360E-2,1.471217010E-1
1.897733260E1,1.053448766E-1,-1.053448766E-1,0.000000000E0,1.489801533E-1
1.899732208E1,1.053448766E-1,-1.053448766E-1,0.000000000E0,1.489801533E-1
1.901732025E1,1.053448766E-1,-1.053448766E-1,1.053448766E-1,1.824626787E-1
1.903732062E1,7.661445439E-2,-1.244984865E-1,9.576806426E-2,1.747603213E-1
1.905733338E1,8.619125932E-2,-7.661445439E-2,2.873042040E-2,1.188450456E-1
1.907733864E1,8.619125932E-2,-7.661445439E-2,-1.915361360E-2,1.168998234E-1
1.909731557E1,1.915361360E-2,-9.576806799E-3,-1.915361360E-2,2.873042040E-2
1.911732135E1,5.746084079E-2,-4.788403213E-2,8.619125932E-2,1.141208217E-1
1.913732603E1,1.149216816E-1,-1.053448766E-1,1.436520964E-1,2.119916525E-1
1.915731921E1,1.436520964E-1,-5.746084079E-2,-4.788403213E-2,1.619584933E-1
1.917733176E1,9.576806799E-3,-5.746084079E-2,-3.830722719E-2,6.972020588E-2
1.919731744E1,7.661445439E-2,-6.703764945E-2,-1.915361360E-2,1.035890051E-1
1.921732942E1,9.576806426E-2,-3.830722719E-2,6.703764945E-2,1.230163088E-1
1.923732171E1,5.746084079E-2,-4.788403213E-2,7.661445439E-2,1.070719542E-1
1.925736911E1,7.661445439E-2,-5.746084079E-2,1.436520964E-1,1.726483352E-1
1.927732645E1,0.000000000E0,-7.661445439E-2,1.244984865E-1,1.461836098E-1
1.929733718E1,3.830722719E-2,-1.532289088E-1,9.576806426E-2,1.847107584E-1
1.931735161E1,2.873042040E-2,-4.788403213E-2,1.340752989E-1,1.452394690E-1
1.933734036E1,1.149216816E-1,-1.436520964E-1,9.576806426E-2,2.073992281E-1
1.935732317E1,2.394201756E-1,-2.202665508E-1,-1.915361360E-2,3.258929805E-1
1.937736010E1,2.681505978E-1,-2.011129409E-1,-2.873042040E-2,3.364172932E-1
1.939731994E1,1.723825186E-1,-1.915361285E-1,9.576806799E-3,2.578634067E-1
1.941732296E1,2.011129409E-1,-1.149216816E-1,8.619125932E-2,2.471484191E-1
1.943732801E1,1.915361285E-1,-1.628057212E-1,1.053448766E-1,2.725606986E-1
1.945734973E1,4.213795066E-1,-1.723825186E-1,5.746083856E-1,7.331106452E-1
1.947732869E1,2.585737705E-1,-1.149216816E-1,1.915361285E-1,3.416920781E-1
1.949733182E1,-7.661445439E-2,-5.746084079E-2,-9.959878922E-1,1.000581533E0
1.951731885E1,1.915361285E-1,3.830722719E-2,-2.777273953E-1,3.395379777E-1
1.953735249E1,6.703764945E-2,-7.661445439E-2,3.543418646E-1,3.686759798E-1
1.955731754E1,5.746084079E-2,-9.576806426E-2,7.852981687E-1,7.932001538E-1
1.957731171E1,1.532289088E-1,-6.703764945E-2,1.005564690E0,1.019378973E0
1.959731781E1,2.968810201E-1,-1.915361360E-2,3.160346150E-1,4.340311958E-1
1.961731952E1,4.309563041E-1,-6.703764945E-2,-4.596867263E-1,6.336633719E-1
